Abomasnow,6,1,0,0,0,0,0,0,0,0,0,0,0,0,1,0,0,0,0,90,92,75,92,85,60,494,Snow-Warning,Soundproof,N
Abomasnow-Mega,5,1,0,0,0,0,0,0,0,0,0,0,0,0,1,0,0,0,0,90,132,105,132,105,30,594,Snow-Warning,N,N
Abra,4,0,0,0,0,0,0,0,0,0,1,0,0,0,0,0,0,0,0,25,20,15,105,55,90,310,Inner-Focus,Synchronize,Magic-Guard
Absol,9,0,0,0,0,0,0,0,0,0,0,0,0,0,0,0,0,1,0,65,130,60,75,60,75,465,Justified,Super-Luck,Pressure
Absol-Mega,11,0,0,0,0,0,0,0,0,0,0,0,0,0,0,0,0,1,0,65,150,60,115,60,115,565,Magic-Bounce,N,N
Accelgor,9,0,0,0,1,0,0,0,0,0,0,0,0,0,0,0,0,0,0,80,70,40,100,60,145,495,Hydration,Unburden,Sticky-Hold
Aegislash,10,0,0,0,0,0,0,0,0,0,0,0,0,1,0,0,1,0,0,60,50,150,50,150,60,520,Stance-Change,N,N
Aegislash-Blade,10,0,0,0,0,0,0,0,0,0,0,0,0,1,0,0,1,0,0,60,150,50,150,50,60,520,Stance-Change,N,N
Aerodactyl,9,0,0,0,0,0,0,0,0,0,0,1,1,0,0,0,0,0,0,80,105,65,60,75,130,515,Pressure,Unnerve,Rock-Head
Aerodactyl-Mega,11,0,0,0,0,0,0,0,0,0,0,1,1,0,0,0,0,0,0,80,135,85,70,95,150,615,Tough-Claws,N,N
Aggron,6,0,0,0,0,0,0,0,0,0,0,1,0,0,0,0,1,0,0,70,110,180,60,60,50,530,Heavy-Metal,Sturdy,Rock-Head
Aggron-Mega,5,0,0,0,0,0,0,0,0,0,0,0,0,0,0,0,1,0,0,70,140,230,60,80,50,630,Filter,N,N
Aipom,4,0,0,0,0,1,0,0,0,0,0,0,0,0,0,0,0,0,0,55,70,55,40,55,85,360,Pickup,Skill-Link,Run-Away
Alakazam,2,0,0,0,0,0,0,0,0,0,1,0,0,0,0,0,0,0,0,55,50,45,135,95,120,500,Inner-Focus,Synchronize,Magic-Guard
Alakazam-Mega,7,0,0,0,0,0,0,0,0,0,1,0,0,0,0,0,0,0,0,55,50,65,175,105,150,600,Trace,N,N
Alomomola,11,0,0,1,0,0,0,0,0,0,0,0,0,0,0,0,0,0,0,165,75,80,40,45,65,470,Healer,Regenerator,Hydration
Altaria,8,0,0,0,0,0,0,0,0,0,0,0,1,0,0,1,0,0,0,75,70,90,70,105,80,490,Cloud-Nine,Natural-Cure,N
Altaria-Mega,5,0,0,0,0,0,0,0,0,0,0,0,0,0,0,1,0,0,1,75,110,110,110,105,80,590,Pixilate,N,N
Amaura,4,0,0,0,0,0,0,0,0,0,0,1,0,0,1,0,0,0,0,77,59,50,67,63,46,362,Refrigerate,Snow-Warning,N
Ambipom,9,0,0,0,0,1,0,0,0,0,0,0,0,0,0,0,0,0,0,75,100,66,60,66,115,482,Pickup,Technician,Skill-Link
Amoonguss,11,1,0,0,0,0,1,0,0,0,0,0,0,0,0,0,0,0,0,114,85,70,85,80,30,464,Effect-Spore,Regenerator,N
Ampharos,8,0,0,0,0,0,0,1,0,0,0,0,0,0,0,0,0,0,0,90,75,85,115,90,55,510,Plus,Static,N
Ampharos-Mega,5,0,0,0,0,0,0,1,0,0,0,0,0,0,0,1,0,0,0,90,95,105,165,110,45,610,Mold-Breaker,N,N
Anorith,4,0,0,0,1,0,0,0,0,0,0,1,0,0,0,0,0,0,0,45,95,50,40,50,75,355,Battle-Armor,Swift-Swim,N
Araquanid,9,0,0,1,1,0,0,0,0,0,0,0,0,0,0,0,0,0,0,68,70,92,50,132,42,454,Water-Absorb,Water-Bubble,N
Arbok,8,0,0,0,0,0,1,0,0,0,0,0,0,0,0,0,0,0,0,60,95,69,65,79,80,448,Intimidate,Unnerve,Shed-Skin
Arcanine,11,0,1,0,0,0,0,0,0,0,0,0,0,0,0,0,0,0,0,90,110,80,100,80,95,555,Flash-Fire,Justified,Intimidate
Arceus,10,0,0,0,0,1,0,0,0,0,0,0,0,0,0,0,0,0,0,120,120,120,120,120,120,720,Multitype,N,N
Arceus-Bug,10,0,0,0,1,0,0,0,0,0,0,0,0,0,0,0,0,0,0,120,120,120,120,120,120,720,Multitype,N,N
Arceus-Dark,10,0,0,0,0,0,0,0,0,0,0,0,0,0,0,0,0,1,0,120,120,120,120,120,120,720,Multitype,N,N
Arceus-Dragon,10,0,0,0,0,0,0,0,0,0,0,0,0,0,0,1,0,0,0,120,120,120,120,120,120,720,Multitype,N,N
Arceus-Electric,10,0,0,0,0,0,0,1,0,0,0,0,0,0,0,0,0,0,0,120,120,120,120,120,120,720,Multitype,N,N
Arceus-Fairy,10,0,0,0,0,0,0,0,0,0,0,0,0,0,0,0,0,0,1,120,120,120,120,120,120,720,Multitype,N,N
Arceus-Fighting,10,0,0,0,0,0,0,0,0,1,0,0,0,0,0,0,0,0,0,120,120,120,120,120,120,720,Multitype,N,N
Arceus-Fire,10,0,1,0,0,0,0,0,0,0,0,0,0,0,0,0,0,0,0,120,120,120,120,120,120,720,Multitype,N,N
Arceus-Flying,10,0,0,0,0,0,0,0,0,0,0,0,1,0,0,0,0,0,0,120,120,120,120,120,120,720,Multitype,N,N
Arceus-Ghost,10,0,0,0,0,0,0,0,0,0,0,0,0,1,0,0,0,0,0,120,120,120,120,120,120,720,Multitype,N,N
Arceus-Grass,10,1,0,0,0,0,0,0,0,0,0,0,0,0,0,0,0,0,0,120,120,120,120,120,120,720,Multitype,N,N
Arceus-Ground,10,0,0,0,0,0,0,0,1,0,0,0,0,0,0,0,0,0,0,120,120,120,120,120,120,720,Multitype,N,N
Arceus-Ice,10,0,0,0,0,0,0,0,0,0,0,0,0,0,1,0,0,0,0,120,120,120,120,120,120,720,Multitype,N,N
Arceus-Poison,10,0,0,0,0,0,1,0,0,0,0,0,0,0,0,0,0,0,0,120,120,120,120,120,120,720,Multitype,N,N
Arceus-Psychic,10,0,0,0,0,0,0,0,0,0,1,0,0,0,0,0,0,0,0,120,120,120,120,120,120,720,Multitype,N,N
Arceus-Rock,10,0,0,0,0,0,0,0,0,0,0,1,0,0,0,0,0,0,0,120,120,120,120,120,120,720,Multitype,N,N
Arceus-Steel,10,0,0,0,0,0,0,0,0,0,0,0,0,0,0,0,1,0,0,120,120,120,120,120,120,720,Multitype,N,N
Arceus-Water,10,0,0,1,0,0,0,0,0,0,0,0,0,0,0,0,0,0,0,120,120,120,120,120,120,720,Multitype,N,N
Archen,4,0,0,0,0,0,0,0,0,0,0,1,1,0,0,0,0,0,0,55,112,45,74,45,70,401,Defeatist,N,N
Archeops,6,0,0,0,0,0,0,0,0,0,0,1,1,0,0,0,0,0,0,75,140,65,112,65,110,567,Defeatist,N,N
Ariados,8,0,0,0,1,0,1,0,0,0,0,0,0,0,0,0,0,0,0,70,90,70,60,70,40,400,Insomnia,Swarm,Sniper
Armaldo,8,0,0,0,1,0,0,0,0,0,0,1,0,0,0,0,0,0,0,75,125,100,70,80,45,495,Battle-Armor,Swift-Swim,N
Aromatisse,9,0,0,0,0,0,0,0,0,0,0,0,0,0,0,0,0,0,1,101,72,72,99,89,29,462,Aroma-Veil,Healer,N
Aron,4,0,0,0,0,0,0,0,0,0,0,1,0,0,0,0,1,0,0,50,70,100,40,40,30,330,Heavy-Metal,Sturdy,Rock-Head
Articuno,8,0,0,0,0,0,0,0,0,0,0,0,1,0,1,0,0,0,0,90,85,100,95,125,85,580,Pressure,Snow-Cloak,N
Audino,8,0,0,0,0,1,0,0,0,0,0,0,0,0,0,0,0,0,0,103,60,86,60,86,50,445,Healer,Regenerator,Klutz
Audino-Mega,5,0,0,0,0,1,0,0,0,0,0,0,0,0,0,0,0,0,1,103,60,126,80,126,50,545,Healer,N,N
Aurorus,6,0,0,0,0,0,0,0,0,0,0,1,0,0,1,0,0,0,0,123,77,72,99,92,58,521,Refrigerate,Snow-Warning,N
Avalugg,8,0,0,0,0,0,0,0,0,0,0,0,0,0,1,0,0,0,0,95,117,184,44,46,28,514,Ice-Body,Sturdy,Own-Tempo
Axew,4,0,0,0,0,0,0,0,0,0,0,0,0,0,0,1,0,0,0,46,87,60,30,40,57,320,Mold-Breaker,Unnerve,Rivalry
Azelf,11,0,0,0,0,0,0,0,0,0,1,0,0,0,0,0,0,0,0,75,125,70,125,70,115,580,Levitate,N,N
Azumarill,2,0,0,1,0,0,0,0,0,0,0,0,0,0,0,0,0,0,1,100,50,80,60,80,50,420,Huge-Power,Thick-Fat,Sap-Sipper
Azurill,4,0,0,0,0,1,0,0,0,0,0,0,0,0,0,0,0,0,1,50,20,40,20,40,20,190,Huge-Power,Thick-Fat,Sap-Sipper
Bagon,4,0,0,0,0,0,0,0,0,0,0,0,0,0,0,1,0,0,0,45,75,60,40,30,50,300,Rock-Head,Sheer-Force,N
Baltoy,4,0,0,0,0,0,0,0,1,0,1,0,0,0,0,0,0,0,0,40,40,55,40,70,55,300,Levitate,N,N
Banette,8,0,0,0,0,0,0,0,0,0,0,0,0,1,0,0,0,0,0,64,115,65,83,63,65,455,Cursed-Body,Insomnia,Frisk
Banette-Mega,5,0,0,0,0,0,0,0,0,0,0,0,0,1,0,0,0,0,0,64,165,75,93,83,75,555,Prankster,N,N
Barbaracle,6,0,0,1,0,0,0,0,0,0,0,1,0,0,0,0,0,0,0,72,105,115,54,86,68,500,Pickpocket,Tough-Claws,Sniper
Barboach,4,0,0,1,0,0,0,0,1,0,0,0,0,0,0,0,0,0,0,50,48,43,46,41,60,288,Anticipation,Oblivious,Hydration
Basculin-Red-Striped-Form,8,0,0,1,0,0,0,0,0,0,0,0,0,0,0,0,0,0,0,70,92,65,80,55,98,460,Adaptability,Reckless,Mold-Breaker
Basculin-Blue-Striped-Form,8,0,0,1,0,0,0,0,0,0,0,0,0,0,0,0,0,0,0,70,92,65,80,55,98,460,Adaptability,Rock-Head,Mold-Breaker
Bayleef,12,1,0,0,0,0,0,0,0,0,0,0,0,0,0,0,0,0,0,60,62,80,63,80,60,405,Leaf-Guard,Overgrow,N
Beartic,8,0,0,0,0,0,0,0,0,0,0,0,0,0,1,0,0,0,0,95,130,80,70,80,50,505,Slush-Rush,Swift-Swim,Snow-Cloak
Beautifly,8,0,0,0,1,0,0,0,0,0,0,0,1,0,0,0,0,0,0,60,70,50,100,50,65,395,Rivalry,Swarm,N
Beedrill,8,0,0,0,1,0,1,0,0,0,0,0,0,0,0,0,0,0,0,65,90,40,45,80,75,395,Sniper,Swarm,N
Beedrill-Mega,7,0,0,0,1,0,1,0,0,0,0,0,0,0,0,0,0,0,0,65,150,40,15,80,145,495,Adaptability,N,N
Beheeyem,8,0,0,0,0,0,0,0,0,0,1,0,0,0,0,0,0,0,0,75,75,75,125,95,40,485,Analytic,Telepathy,Synchronize
Beldum,4,0,0,0,0,0,0,0,0,0,1,0,0,0,0,0,1,0,0,40,55,80,35,60,30,300,Clear-Body,Light-Metal,N
Bellossom,8,1,0,0,0,0,0,0,0,0,0,0,0,0,0,0,0,0,0,75,80,95,90,100,50,490,Chlorophyll,Healer,N
Bellsprout,4,1,0,0,0,0,1,0,0,0,0,0,0,0,0,0,0,0,0,50,75,35,70,30,40,300,Chlorophyll,Gluttony,N
Bergmite,4,0,0,0,0,0,0,0,0,0,0,0,0,0,1,0,0,0,0,56,69,86,32,36,28,307,Ice-Body,Sturdy,Own-Tempo
Bewear,3,0,0,0,0,1,0,0,0,1,0,0,0,0,0,0,0,0,0,120,125,80,55,60,60,500,Fluffy,Unnerve,Klutz
Bibarel,8,0,0,1,0,1,0,0,0,0,0,0,0,0,0,0,0,0,0,79,85,60,55,60,71,410,Moody,Unaware,Simple
Bidoof,4,0,0,0,0,1,0,0,0,0,0,0,0,0,0,0,0,0,0,59,45,40,35,40,31,250,Moody,Unaware,Simple
Binacle,4,0,0,1,0,0,0,0,0,0,0,1,0,0,0,0,0,0,0,42,52,67,39,56,50,306,Pickpocket,Tough-Claws,Sniper
Bisharp,11,0,0,0,0,0,0,0,0,0,0,0,0,0,0,0,1,1,0,65,125,100,60,70,70,490,Defiant,Pressure,Inner-Focus
Blastoise,9,0,0,1,0,0,0,0,0,0,0,0,0,0,0,0,0,0,0,79,83,100,85,105,78,530,Rain-Dish,Torrent,N
Blastoise-Mega,11,0,0,1,0,0,0,0,0,0,0,0,0,0,0,0,0,0,0,79,103,120,135,115,78,630,Mega-Launcher,N,N
Blaziken,10,0,1,0,0,0,0,0,0,1,0,0,0,0,0,0,0,0,0,80,120,70,110,70,80,530,Blaze,Speed-Boost,N
Blaziken-Mega,5,0,1,0,0,0,0,0,0,1,0,0,0,0,0,0,0,0,0,80,160,80,130,80,100,630,Speed-Boost,N,N
Blissey,11,0,0,0,0,1,0,0,0,0,0,0,0,0,0,0,0,0,0,255,10,10,75,135,55,540,Healer,Serene-Grace,Natural-Cure
Blitzle,4,0,0,0,0,0,0,1,0,0,0,0,0,0,0,0,0,0,0,45,60,32,50,32,76,295,Lightning-Rod,Sap-Sipper,Motor-Drive
Boldore,12,0,0,0,0,0,0,0,0,0,0,1,0,0,0,0,0,0,0,70,105,105,50,40,20,390,Sand-Force,Weak-Armor,Sturdy
Bonsly,4,0,0,0,0,0,0,0,0,0,0,1,0,0,0,0,0,0,0,50,80,95,10,45,10,290,Rattled,Sturdy,Rock-Head
Bouffalant,8,0,0,0,0,1,0,0,0,0,0,0,0,0,0,0,0,0,0,95,110,95,40,95,55,490,Reckless,Soundproof,Sap-Sipper
Bounsweet,4,1,0,0,0,0,0,0,0,0,0,0,0,0,0,0,0,0,0,42,30,38,30,38,32,210,Leaf-Guard,Sweet-Veil,Oblivious
Braixen,12,0,1,0,0,0,0,0,0,0,0,0,0,0,0,0,0,0,0,59,59,58,90,70,73,409,Blaze,Magician,N
Braviary,9,0,0,0,0,1,0,0,0,0,0,0,1,0,0,0,0,0,0,100,123,75,57,75,80,510,Defiant,Sheer-Force,Keen-Eye
Breloom,2,1,0,0,0,0,0,0,0,1,0,0,0,0,0,0,0,0,0,60,130,80,60,60,70,460,Effect-Spore,Technician,Poison-Heal
Brionne,12,0,0,1,0,0,0,0,0,0,0,0,0,0,0,0,0,0,0,60,69,69,91,81,50,420,Liquid-Voice,Torrent,N
Bronzong,9,0,0,0,0,0,0,0,0,0,1,0,0,0,0,0,1,0,0,67,89,116,79,116,33,500,Heatproof,Levitate,Heavy-Metal
Bronzor,4,0,0,0,0,0,0,0,0,0,1,0,0,0,0,0,1,0,0,57,24,86,24,86,23,300,Heatproof,Levitate,Heavy-Metal
Bruxish,9,0,0,1,0,0,0,0,0,0,1,0,0,0,0,0,0,0,0,68,105,70,70,70,92,475,Dazzling,Wonder-Skin,Strong-Jaw
Budew,4,1,0,0,0,0,1,0,0,0,0,0,0,0,0,0,0,0,0,40,30,35,50,70,55,280,Leaf-Guard,Poison-Point,Natural-Cure
Buizel,4,0,0,1,0,0,0,0,0,0,0,0,0,0,0,0,0,0,0,55,65,35,60,30,85,330,Swift-Swim,Water-Veil,N
Bulbasaur,4,1,0,0,0,0,1,0,0,0,0,0,0,0,0,0,0,0,0,45,49,49,65,65,45,318,Chlorophyll,Overgrow,N
Buneary,4,0,0,0,0,1,0,0,0,0,0,0,0,0,0,0,0,0,0,55,66,44,44,56,85,350,Klutz,Run-Away,Limber
Bunnelby,4,0,0,0,0,1,0,0,0,0,0,0,0,0,0,0,0,0,0,38,36,38,32,36,57,237,Cheek-Pouch,Pickup,Huge-Power
Burmy,4,0,0,0,1,0,0,0,0,0,0,0,0,0,0,0,0,0,0,40,29,45,29,45,36,224,Overcoat,Shed-Skin,N
Butterfree,8,0,0,0,1,0,0,0,0,0,0,0,1,0,0,0,0,0,0,60,45,50,90,80,70,395,Compound-Eyes,Tinted-Lens,N
Buzzwole,7,0,0,0,1,0,0,0,0,1,0,0,0,0,0,0,0,0,0,107,139,139,53,53,79,570,Beast-Boost,N,N
Cacnea,4,1,0,0,0,0,0,0,0,0,0,0,0,0,0,0,0,0,0,50,85,40,85,40,35,335,Sand-Veil,Water-Absorb,N
Cacturne,8,1,0,0,0,0,0,0,0,0,0,0,0,0,0,0,0,1,0,70,115,60,115,60,55,475,Sand-Veil,Water-Absorb,N
Camerupt,8,0,1,0,0,0,0,0,1,0,0,0,0,0,0,0,0,0,0,70,100,70,105,75,40,460,Anger-Point,Solid-Rock,Magma-Armor
Camerupt-Mega,5,0,1,0,0,0,0,0,1,0,0,0,0,0,0,0,0,0,0,70,120,100,145,105,20,560,Sheer-Force,N,N
Carbink,8,0,0,0,0,0,0,0,0,0,0,1,0,0,0,0,0,0,1,50,50,150,50,150,50,500,Clear-Body,Sturdy,N
Carnivine,8,1,0,0,0,0,0,0,0,0,0,0,0,0,0,0,0,0,0,74,100,72,90,72,46,454,Levitate,N,N
Carracosta,8,0,0,1,0,0,0,0,0,0,0,1,0,0,0,0,0,0,0,74,108,133,83,65,32,495,Solid-Rock,Swift-Swim,Sturdy
Carvanha,4,0,0,1,0,0,0,0,0,0,0,0,0,0,0,0,0,1,0,45,90,20,65,20,65,305,Rough-Skin,Speed-Boost,N
Cascoon,12,0,0,0,1,0,0,0,0,0,0,0,0,0,0,0,0,0,0,50,35,55,25,25,15,205,Shed-Skin,N,N
Castform,8,0,0,0,0,1,0,0,0,0,0,0,0,0,0,0,0,0,0,70,70,70,70,70,70,420,Forecast,N,N
Caterpie,4,0,0,0,1,0,0,0,0,0,0,0,0,0,0,0,0,0,0,45,30,35,20,20,45,195,Run-Away,Shield-Dust,N
Celebi,11,1,0,0,0,0,0,0,0,0,1,0,0,0,0,0,0,0,0,100,100,100,100,100,100,600,Natural-Cure,N,N
Celesteela,7,0,0,0,0,0,0,0,0,0,0,0,1,0,0,0,1,0,0,97,101,103,107,101,61,570,Beast-Boost,N,N
Chandelure,11,0,1,0,0,0,0,0,0,0,0,0,0,1,0,0,0,0,0,60,55,90,145,90,80,520,Flame-Body,Infiltrator,Flash-Fire
Chansey,7,0,0,0,0,1,0,0,0,0,0,0,0,0,0,0,0,0,0,250,5,5,35,105,50,450,Healer,Serene-Grace,Natural-Cure
Charizard,6,0,1,0,0,0,0,0,0,0,0,0,1,0,0,0,0,0,0,78,84,78,109,85,100,534,Blaze,Solar-Power,N
Charizard-Mega-X,7,0,1,0,0,0,0,0,0,0,0,0,0,0,0,1,0,0,0,78,130,111,130,85,100,634,Tough-Claws,N,N
Charizard-Mega-Y,7,0,1,0,0,0,0,0,0,0,0,0,1,0,0,0,0,0,0,78,104,78,159,115,100,634,Drought,N,N
Charjabug,12,0,0,0,1,0,0,1,0,0,0,0,0,0,0,0,0,0,0,57,82,95,55,75,36,400,Battery,N,N
Charmander,4,0,1,0,0,0,0,0,0,0,0,0,0,0,0,0,0,0,0,39,52,43,60,50,65,309,Blaze,Solar-Power,N
Charmeleon,12,0,1,0,0,0,0,0,0,0,0,0,0,0,0,0,0,0,0,58,64,58,80,65,80,405,Blaze,Solar-Power,N
Chatot,8,0,0,0,0,1,0,0,0,0,0,0,1,0,0,0,0,0,0,76,65,45,92,42,91,411,Big-Pecks,Tangled-Feet,Keen-Eye
Cherrim,8,1,0,0,0,0,0,0,0,0,0,0,0,0,0,0,0,0,0,70,60,70,87,78,85,450,Flower-Gift,N,N
Cherubi,4,1,0,0,0,0,0,0,0,0,0,0,0,0,0,0,0,0,0,45,35,45,62,53,35,275,Chlorophyll,N,N
Chesnaught,9,1,0,0,0,0,0,0,0,1,0,0,0,0,0,0,0,0,0,88,107,122,74,75,64,530,Bulletproof,Overgrow,N
Chespin,4,1,0,0,0,0,0,0,0,0,0,0,0,0,0,0,0,0,0,56,61,65,48,45,38,313,Bulletproof,Overgrow,N
Chikorita,4,1,0,0,0,0,0,0,0,0,0,0,0,0,0,0,0,0,0,45,49,65,49,65,45,318,Leaf-Guard,Overgrow,N
Chimchar,4,0,1,0,0,0,0,0,0,0,0,0,0,0,0,0,0,0,0,44,58,44,58,44,61,309,Blaze,Iron-Fist,N
Chimecho,8,0,0,0,0,0,0,0,0,0,1,0,0,0,0,0,0,0,0,75,50,80,95,90,65,455,Levitate,N,N
Chinchou,4,0,0,1,0,0,0,1,0,0,0,0,0,0,0,0,0,0,0,75,38,38,56,56,67,330,Illuminate,Water-Absorb,Volt-Absorb
Chingling,4,0,0,0,0,0,0,0,0,0,1,0,0,0,0,0,0,0,0,45,30,50,65,50,45,285,Levitate,N,N
Cinccino,9,0,0,0,0,1,0,0,0,0,0,0,0,0,0,0,0,0,0,75,95,60,65,60,115,470,Cute-Charm,Technician,Skill-Link
Clamperl,4,0,0,1,0,0,0,0,0,0,0,0,0,0,0,0,0,0,0,35,64,85,74,55,32,345,Rattled,Shell-Armor,N
Clauncher,4,0,0,1,0,0,0,0,0,0,0,0,0,0,0,0,0,0,0,50,53,62,58,63,44,330,Mega-Launcher,N,N
Clawitzer,9,0,0,1,0,0,0,0,0,0,0,0,0,0,0,0,0,0,0,71,73,88,120,89,59,500,Mega-Launcher,N,N
Claydol,6,0,0,0,0,0,0,0,1,0,1,0,0,0,0,0,0,0,0,60,70,105,70,120,75,500,Levitate,N,N
Clefable,11,0,0,0,0,0,0,0,0,0,0,0,0,0,0,0,0,0,1,95,70,73,95,90,60,483,Cute-Charm,Unaware,Magic-Guard
Clefairy,12,0,0,0,0,0,0,0,0,0,0,0,0,0,0,0,0,0,1,70,45,48,60,65,35,323,Cute-Charm,Magic-Guard,Friend-Guard
Cleffa,4,0,0,0,0,0,0,0,0,0,0,0,0,0,0,0,0,0,1,50,25,28,45,55,15,218,Cute-Charm,Magic-Guard,Friend-Guard
Cloyster,9,0,0,1,0,0,0,0,0,0,0,0,0,0,1,0,0,0,0,50,95,180,85,45,70,525,Overcoat,Skill-Link,Shell-Armor
Cobalion,11,0,0,0,0,0,0,0,0,1,0,0,0,0,0,0,1,0,0,91,90,129,90,72,108,580,Justified,N,N
Cofagrigus,9,0,0,0,0,0,0,0,0,0,0,0,0,1,0,0,0,0,0,58,50,145,95,105,30,483,Mummy,N,N
Combee,4,0,0,0,1,0,0,0,0,0,0,0,1,0,0,0,0,0,0,30,30,42,30,42,70,244,Honey-Gather,Hustle,N
Combusken,12,0,1,0,0,0,0,0,0,1,0,0,0,0,0,0,0,0,0,60,85,60,85,60,55,405,Blaze,Speed-Boost,N
Comfey,9,0,0,0,0,0,0,0,0,0,0,0,0,0,0,0,0,0,1,51,52,90,82,110,100,485,Flower-Veil,Triage,Natural-Cure
Conkeldurr,11,0,0,0,0,0,0,0,0,1,0,0,0,0,0,0,0,0,0,105,140,95,55,65,45,505,Guts,Sheer-Force,Iron-Fist
Corphish,4,0,0,1,0,0,0,0,0,0,0,0,0,0,0,0,0,0,0,43,80,65,50,35,35,308,Adaptability,Shell-Armor,Hyper-Cutter
Corsola,8,0,0,1,0,0,0,0,0,0,0,1,0,0,0,0,0,0,0,65,55,95,65,95,35,410,Hustle,Regenerator,Natural-Cure
Cosmoem,12,0,0,0,0,0,0,0,0,0,1,0,0,0,0,0,0,0,0,43,29,131,29,131,37,400,Sturdy,N,N
Cosmog,4,0,0,0,0,0,0,0,0,0,1,0,0,0,0,0,0,0,0,43,29,31,29,31,37,200,Unaware,N,N
Cottonee,4,1,0,0,0,0,0,0,0,0,0,0,0,0,0,0,0,0,1,40,27,60,37,50,66,280,Chlorophyll,Prankster,Infiltrator
Crabominable,9,0,0,0,0,0,0,0,0,1,0,0,0,0,1,0,0,0,0,97,132,77,62,67,43,478,Anger-Point,Iron-Fist,Hyper-Cutter
Crabrawler,4,0,0,0,0,0,0,0,0,1,0,0,0,0,0,0,0,0,0,47,82,57,42,47,63,338,Anger-Point,Iron-Fist,Hyper-Cutter
Cradily,6,1,0,0,0,0,0,0,0,0,0,1,0,0,0,0,0,0,0,86,81,97,81,107,43,495,Storm-Drain,Suction-Cups,N
Cranidos,4,0,0,0,0,0,0,0,0,0,0,1,0,0,0,0,0,0,0,67,125,40,30,30,58,350,Mold-Breaker,Sheer-Force,N
Crawdaunt,3,0,0,1,0,0,0,0,0,0,0,0,0,0,0,0,0,1,0,63,120,85,90,55,55,468,Adaptability,Shell-Armor,Hyper-Cutter
Cresselia,9,0,0,0,0,0,0,0,0,0,1,0,0,0,0,0,0,0,0,120,70,120,75,130,85,600,Levitate,N,N
Croagunk,4,0,0,0,0,0,1,0,0,1,0,0,0,0,0,0,0,0,0,48,61,40,61,40,50,300,Anticipation,Poison-Touch,Dry-Skin
Crobat,11,0,0,0,0,0,1,0,0,0,0,0,1,0,0,0,0,0,0,85,90,80,70,80,130,535,Infiltrator,Inner-Focus,N
Croconaw,12,0,0,1,0,0,0,0,0,0,0,0,0,0,0,0,0,0,0,65,80,80,59,63,58,405,Sheer-Force,Torrent,N
Crustle,8,0,0,0,1,0,0,0,0,0,0,1,0,0,0,0,0,0,0,70,105,125,65,75,45,485,Shell-Armor,Weak-Armor,Sturdy
Cryogonal,8,0,0,0,0,0,0,0,0,0,0,0,0,0,1,0,0,0,0,80,50,50,95,135,105,515,Levitate,N,N
Cubchoo,4,0,0,0,0,0,0,0,0,0,0,0,0,0,1,0,0,0,0,55,70,40,60,40,40,305,Rattled,Snow-Cloak,Slush-Rush
Cubone,4,0,0,0,0,0,0,0,1,0,0,0,0,0,0,0,0,0,0,50,50,95,40,50,35,320,Battle-Armor,Rock-Head,Lightning-Rod
Cutiefly,12,0,0,0,1,0,0,0,0,0,0,0,0,0,0,0,0,0,1,40,45,40,55,40,84,304,Honey-Gather,Sweet-Veil,Shield-Dust
Cyndaquil,4,0,1,0,0,0,0,0,0,0,0,0,0,0,0,0,0,0,0,39,52,43,60,50,65,309,Blaze,Flash-Fire,N
Darkrai,10,0,0,0,0,0,0,0,0,0,0,0,0,0,0,0,0,1,0,70,90,90,135,90,125,600,Bad-Dreams,N,N
Darmanitan,11,0,1,0,0,0,0,0,0,0,0,0,0,0,0,0,0,0,0,105,140,55,30,55,95,480,Sheer-Force,Zen-Mode,N
Darmanitan-Zen,11,0,1,0,0,0,0,0,0,0,1,0,0,0,0,0,0,0,0,105,30,105,140,105,55,540,Zen-Mode,N,N
Dartrix,12,1,0,0,0,0,0,0,0,0,0,0,1,0,0,0,0,0,0,78,75,75,70,70,52,420,Long-Reach,Overgrow,N
Darumaka,4,0,1,0,0,0,0,0,0,0,0,0,0,0,0,0,0,0,0,70,90,45,15,45,50,315,Hustle,Inner-Focus,N
Decidueye,11,1,0,0,0,0,0,0,0,0,0,0,0,1,0,0,0,0,0,78,107,75,100,100,70,530,Long-Reach,Overgrow,N
Dedenne,8,0,0,0,0,0,0,1,0,0,0,0,0,0,0,0,0,0,1,67,58,57,81,67,101,431,Cheek-Pouch,Plus,Pickup
Deerling,4,1,0,0,0,1,0,0,0,0,0,0,0,0,0,0,0,0,0,60,60,50,40,50,75,335,Chlorophyll,Serene-Grace,Sap-Sipper
Deino,4,0,0,0,0,0,0,0,0,0,0,0,0,0,0,1,0,1,0,52,65,50,45,50,38,300,Hustle,N,N
Delcatty,8,0,0,0,0,1,0,0,0,0,0,0,0,0,0,0,0,0,0,70,65,65,55,55,90,400,Cute-Charm,Wonder-Skin,Normalize
Delibird,8,0,0,0,0,0,0,0,0,0,0,0,1,0,1,0,0,0,0,45,55,45,65,45,75,330,Hustle,Vital-Spirit,Insomnia
Delphox,9,0,1,0,0,0,0,0,0,0,1,0,0,0,0,0,0,0,0,75,69,72,114,100,104,534,Blaze,Magician,N
Deoxys,10,0,0,0,0,0,0,0,0,0,1,0,0,0,0,0,0,0,0,50,150,50,150,50,150,600,Pressure,N,N
Deoxys-Attack,10,0,0,0,0,0,0,0,0,0,1,0,0,0,0,0,0,0,0,50,180,20,180,20,150,600,Pressure,N,N
Deoxys-Defense,10,0,0,0,0,0,0,0,0,0,1,0,0,0,0,0,0,0,0,50,70,160,70,160,90,600,Pressure,N,N
Deoxys-Speed,10,0,0,0,0,0,0,0,0,0,1,0,0,0,0,0,0,0,0,50,95,90,95,90,180,600,Pressure,N,N
Dewgong,8,0,0,1,0,0,0,0,0,0,0,0,0,0,1,0,0,0,0,90,70,80,70,95,70,475,Hydration,Thick-Fat,Ice-Body
Dewott,12,0,0,1,0,0,0,0,0,0,0,0,0,0,0,0,0,0,0,75,75,60,83,60,60,413,Shell-Armor,Torrent,N
Dewpider,4,0,0,1,1,0,0,0,0,0,0,0,0,0,0,0,0,0,0,38,40,52,40,72,27,269,Water-Absorb,Water-Bubble,N
Dhelmise,9,1,0,0,0,0,0,0,0,0,0,0,0,1,0,0,0,0,0,70,131,100,86,90,40,517,Steelworker,N,N
Dialga,10,0,0,0,0,0,0,0,0,0,0,0,0,0,0,1,1,0,0,100,120,120,150,100,90,680,Pressure,Telepathy,N
Diancie,9,0,0,0,0,0,0,0,0,0,0,1,0,0,0,0,0,0,1,50,100,150,100,150,50,600,Clear-Body,N,N
Diancie-Mega,5,0,0,0,0,0,0,0,0,0,0,1,0,0,0,0,0,0,1,50,160,110,160,110,110,700,Magic-Bounce,N,N
Diggersby,2,0,0,0,0,1,0,0,1,0,0,0,0,0,0,0,0,0,0,85,56,77,50,77,78,423,Cheek-Pouch,Pickup,Huge-Power
Diglett,4,0,0,0,0,0,0,0,1,0,0,0,0,0,0,0,0,0,0,10,55,25,35,45,95,265,Arena-Trap,Sand-Veil,Sand-Force
Diglett-Alola,4,0,0,0,0,0,0,0,1,0,0,0,0,0,0,0,1,0,0,10,55,30,35,45,90,265,Sand-Force,Tangling-Hair,Sand-Veil
Ditto,8,0,0,0,0,1,0,0,0,0,0,0,0,0,0,0,0,0,0,48,48,48,48,48,48,288,Imposter,Limber,N
Dodrio,6,0,0,0,0,1,0,0,0,0,0,0,1,0,0,0,0,0,0,60,110,70,60,60,110,470,Early-Bird,Tangled-Feet,Run-Away
Doduo,4,0,0,0,0,1,0,0,0,0,0,0,1,0,0,0,0,0,0,35,85,45,35,35,75,310,Early-Bird,Tangled-Feet,Run-Away
Donphan,9,0,0,0,0,0,0,0,1,0,0,0,0,0,0,0,0,0,0,90,120,120,60,60,50,500,Sand-Veil,Sturdy,N
Doublade,9,0,0,0,0,0,0,0,0,0,0,0,0,1,0,0,1,0,0,59,110,150,45,49,35,448,No-Guard,N,N
Dragalge,9,0,0,0,0,0,1,0,0,0,0,0,0,0,0,1,0,0,0,65,75,90,97,123,44,494,Adaptability,Poison-Touch,Poison-Point
Dragonair,12,0,0,0,0,0,0,0,0,0,0,0,0,0,0,1,0,0,0,61,84,65,70,70,70,420,Marvel-Scale,Shed-Skin,N
Dragonite,2,0,0,0,0,0,0,0,0,0,0,0,1,0,0,1,0,0,0,91,134,95,100,100,80,600,Inner-Focus,Multiscale,N
Drampa,9,0,0,0,0,1,0,0,0,0,0,0,0,0,0,1,0,0,0,78,60,85,135,91,36,485,Berserk,Sap-Sipper,Cloud-Nine
Drapion,9,0,0,0,0,0,1,0,0,0,0,0,0,0,0,0,0,1,0,70,90,110,60,75,95,500,Battle-Armor,Sniper,Keen-Eye
Dratini,4,0,0,0,0,0,0,0,0,0,0,0,0,0,0,1,0,0,0,41,64,45,50,50,50,300,Marvel-Scale,Shed-Skin,N
Drifblim,8,0,0,0,0,0,0,0,0,0,0,0,1,1,0,0,0,0,0,150,80,44,90,54,80,498,Aftermath,Unburden,Flare-Boost
Drifloon,12,0,0,0,0,0,0,0,0,0,0,0,1,1,0,0,0,0,0,90,50,34,60,44,70,348,Aftermath,Unburden,Flare-Boost
Drilbur,4,0,0,0,0,0,0,0,1,0,0,0,0,0,0,0,0,0,0,60,85,40,30,45,68,328,Mold-Breaker,Sand-Rush,Sand-Force
Drowzee,4,0,0,0,0,0,0,0,0,0,1,0,0,0,0,0,0,0,0,60,48,45,43,90,42,328,Forewarn,Insomnia,Inner-Focus
Druddigon,9,0,0,0,0,0,0,0,0,0,0,0,0,0,0,1,0,0,0,77,120,90,60,90,48,485,Mold-Breaker,Sheer-Force,Rough-Skin
Ducklett,4,0,0,1,0,0,0,0,0,0,0,0,1,0,0,0,0,0,0,62,44,50,44,50,55,305,Big-Pecks,Keen-Eye,Hydration
Dugtrio,7,0,0,0,0,0,0,0,1,0,0,0,0,0,0,0,0,0,0,35,100,50,50,70,120,425,Arena-Trap,Sand-Veil,Sand-Force
Dugtrio-Alola,9,0,0,0,0,0,0,0,1,0,0,0,0,0,0,0,1,0,0,35,100,60,50,70,110,425,Sand-Force,Tangling-Hair,Sand-Veil
Dunsparce,8,0,0,0,0,1,0,0,0,0,0,0,0,0,0,0,0,0,0,100,70,70,65,65,45,415,Rattled,Serene-Grace,Run-Away
Duosion,12,0,0,0,0,0,0,0,0,0,1,0,0,0,0,0,0,0,0,65,40,50,125,60,30,370,Magic-Guard,Regenerator,Overcoat
Durant,9,0,0,0,1,0,0,0,0,0,0,0,0,0,0,0,1,0,0,58,109,112,48,48,109,484,Hustle,Truant,Swarm
Dusclops,12,0,0,0,0,0,0,0,0,0,0,0,0,1,0,0,0,0,0,40,70,130,60,130,25,455,Frisk,Pressure,N
Dusknoir,8,0,0,0,0,0,0,0,0,0,0,0,0,1,0,0,0,0,0,45,100,135,65,135,45,525,Frisk,Pressure,N
Duskull,4,0,0,0,0,0,0,0,0,0,0,0,0,1,0,0,0,0,0,20,40,90,30,90,25,295,Frisk,Levitate,N
Dustox,8,0,0,0,1,0,1,0,0,0,0,0,0,0,0,0,0,0,0,60,50,70,50,90,65,385,Compound-Eyes,Shield-Dust,N
Dwebble,4,0,0,0,1,0,0,0,0,0,0,1,0,0,0,0,0,0,0,50,65,85,35,35,55,325,Shell-Armor,Weak-Armor,Sturdy
Eelektrik,12,0,0,0,0,0,0,1,0,0,0,0,0,0,0,0,0,0,0,65,85,70,75,70,40,405,Levitate,N,N
Eelektross,9,0,0,0,0,0,0,1,0,0,0,0,0,0,0,0,0,0,0,85,115,80,105,80,50,515,Levitate,N,N
Eevee,4,0,0,0,0,1,0,0,0,0,0,0,0,0,0,0,0,0,0,55,55,50,45,65,55,325,Adaptability,Run-Away,Anticipation
Ekans,4,0,0,0,0,0,1,0,0,0,0,0,0,0,0,0,0,0,0,35,60,44,40,54,55,288,Intimidate,Unnerve,Shed-Skin
Electabuzz,12,0,0,0,0,0,0,1,0,0,0,0,0,0,0,0,0,0,0,65,83,57,95,85,105,490,Static,Vital-Spirit,N
Electivire,6,0,0,0,0,0,0,1,0,0,0,0,0,0,0,0,0,0,0,75,123,67,95,85,95,540,Motor-Drive,Vital-Spirit,N
Electrike,4,0,0,0,0,0,0,1,0,0,0,0,0,0,0,0,0,0,0,40,45,40,65,40,65,295,Lightning-Rod,Static,Minus
Electrode,8,0,0,0,0,0,0,1,0,0,0,0,0,0,0,0,0,0,0,60,50,70,80,80,150,490,Aftermath,Static,Soundproof
Elekid,4,0,0,0,0,0,0,1,0,0,0,0,0,0,0,0,0,0,0,45,63,37,65,55,95,360,Static,Vital-Spirit,N
Elgyem,4,0,0,0,0,0,0,0,0,0,1,0,0,0,0,0,0,0,0,55,55,55,85,55,30,335,Analytic,Telepathy,Synchronize
Emboar,9,0,1,0,0,0,0,0,0,1,0,0,0,0,0,0,0,0,0,110,123,65,100,65,65,528,Blaze,Reckless,N
Emolga,8,0,0,0,0,0,0,1,0,0,0,0,1,0,0,0,0,0,0,55,75,60,75,60,103,428,Motor-Drive,Static,N
Empoleon,11,0,0,1,0,0,0,0,0,0,0,0,0,0,0,0,1,0,0,84,86,88,111,101,60,530,Defiant,Torrent,N
Entei,11,0,1,0,0,0,0,0,0,0,0,0,0,0,0,0,0,0,0,115,115,85,90,75,100,580,Pressure,N,N
Escavalier,9,0,0,0,1,0,0,0,0,0,0,0,0,0,0,0,1,0,0,70,135,105,60,105,20,495,Overcoat,Swarm,Shell-Armor
Espeon,9,0,0,0,0,0,0,0,0,0,1,0,0,0,0,0,0,0,0,65,65,60,130,95,110,525,Magic-Bounce,Synchronize,N
Espurr,4,0,0,0,0,0,0,0,0,0,1,0,0,0,0,0,0,0,0,62,48,54,63,60,68,355,Infiltrator,Own-Tempo,Keen-Eye
Excadrill,7,0,0,0,0,0,0,0,1,0,0,0,0,0,0,0,1,0,0,110,135,60,50,65,88,508,Mold-Breaker,Sand-Rush,Sand-Force
Exeggcute,4,1,0,0,0,0,0,0,0,0,1,0,0,0,0,0,0,0,0,60,40,80,60,45,40,325,Chlorophyll,Harvest,N
Exeggutor,8,1,0,0,0,0,0,0,0,0,1,0,0,0,0,0,0,0,0,95,95,85,125,75,55,530,Chlorophyll,Harvest,N
Exeggutor-Alola,9,1,0,0,0,0,0,0,0,0,0,0,0,0,0,1,0,0,0,95,105,85,125,75,45,530,Frisk,Harvest,N
Exploud,9,0,0,0,0,1,0,0,0,0,0,0,0,0,0,0,0,0,0,104,91,63,91,73,68,490,Scrappy,Soundproof,N
Farfetchd,8,0,0,0,0,1,0,0,0,0,0,0,1,0,0,0,0,0,0,52,90,55,58,62,60,377,Defiant,Keen-Eye,Inner-Focus
Fearow,8,0,0,0,0,1,0,0,0,0,0,0,1,0,0,0,0,0,0,65,90,65,61,61,100,442,Keen-Eye,Sniper,N
Feebas,4,0,0,1,0,0,0,0,0,0,0,0,0,0,0,0,0,0,0,20,15,20,10,55,80,200,Adaptability,Swift-Swim,Oblivious
Fennekin,4,0,1,0,0,0,0,0,0,0,0,0,0,0,0,0,0,0,0,40,45,40,62,60,60,307,Blaze,Magician,N
Feraligatr,3,0,0,1,0,0,0,0,0,0,0,0,0,0,0,0,0,0,0,85,105,100,79,83,78,530,Sheer-Force,Torrent,N
Ferroseed,4,1,0,0,0,0,0,0,0,0,0,0,0,0,0,0,1,0,0,44,50,91,24,86,10,305,Iron-Barbs,N,N
Ferrothorn,7,1,0,0,0,0,0,0,0,0,0,0,0,0,0,0,1,0,0,74,94,131,54,116,20,489,Anticipation,Iron-Barbs,N
Finneon,4,0,0,1,0,0,0,0,0,0,0,0,0,0,0,0,0,0,0,49,49,56,49,61,66,330,Storm-Drain,Water-Veil,Swift-Swim
Flaaffy,12,0,0,0,0,0,0,1,0,0,0,0,0,0,0,0,0,0,0,70,55,55,80,60,45,365,Plus,Static,N
Flabebe,4,0,0,0,0,0,0,0,0,0,0,0,0,0,0,0,0,0,1,44,38,39,61,79,42,303,Flower-Veil,Symbiosis,N
Flareon,8,0,1,0,0,0,0,0,0,0,0,0,0,0,0,0,0,0,0,65,130,60,95,110,65,525,Flash-Fire,Guts,N
Fletchinder,12,0,1,0,0,0,0,0,0,0,0,0,1,0,0,0,0,0,0,62,73,55,56,52,84,382,Flame-Body,Gale-Wings,N
Fletchling,4,0,0,0,0,1,0,0,0,0,0,0,1,0,0,0,0,0,0,45,50,43,40,38,62,278,Big-Pecks,Gale-Wings,N
Floatzel,8,0,0,1,0,0,0,0,0,0,0,0,0,0,0,0,0,0,0,85,105,55,85,50,115,495,Swift-Swim,Water-Veil,N
Floette,12,0,0,0,0,0,0,0,0,0,0,0,0,0,0,0,0,0,1,54,45,47,75,98,52,371,Flower-Veil,Symbiosis,N
Floette-Eternal,5,0,0,0,0,0,0,0,0,0,0,0,0,0,0,0,0,0,1,74,65,67,125,128,92,551,Flower-Veil,Symbiosis,N
Florges,9,0,0,0,0,0,0,0,0,0,0,0,0,0,0,0,0,0,1,78,65,68,112,154,75,552,Flower-Veil,Symbiosis,N
Flygon,9,0,0,0,0,0,0,0,1,0,0,0,0,0,0,1,0,0,0,80,100,80,80,80,100,520,Levitate,N,N
Fomantis,4,1,0,0,0,0,0,0,0,0,0,0,0,0,0,0,0,0,0,40,55,35,50,35,35,250,Contrary,Leaf-Guard,N
Foongus,4,1,0,0,0,0,1,0,0,0,0,0,0,0,0,0,0,0,0,69,55,45,55,55,15,294,Effect-Spore,Regenerator,N
Forretress,11,0,0,0,1,0,0,0,0,0,0,0,0,0,0,0,1,0,0,75,90,140,60,60,40,465,Overcoat,Sturdy,N
Fraxure,12,0,0,0,0,0,0,0,0,0,0,0,0,0,0,1,0,0,0,66,117,70,40,50,67,410,Mold-Breaker,Unnerve,Rivalry
Frillish,4,0,0,1,0,0,0,0,0,0,0,0,0,1,0,0,0,0,0,55,40,50,65,85,40,335,Cursed-Body,Water-Absorb,Damp
Froakie,4,0,0,1,0,0,0,0,0,0,0,0,0,0,0,0,0,0,0,41,56,41,62,44,71,315,Protean,Torrent,N
Frogadier,12,0,0,1,0,0,0,0,0,0,0,0,0,0,0,0,0,0,0,54,63,52,83,56,97,405,Protean,Torrent,N
Froslass,9,0,0,0,0,0,0,0,0,0,0,0,0,1,1,0,0,0,0,70,80,70,80,70,110,480,Cursed-Body,Snow-Cloak,N
Furfrou,8,0,0,0,0,1,0,0,0,0,0,0,0,0,0,0,0,0,0,75,80,60,65,90,102,472,Fur-Coat,N,N
Furret,8,0,0,0,0,1,0,0,0,0,0,0,0,0,0,0,0,0,0,85,76,64,45,55,90,415,Frisk,Run-Away,Keen-Eye
Gabite,12,0,0,0,0,0,0,0,1,0,0,0,0,0,0,1,0,0,0,68,90,65,50,55,82,410,Rough-Skin,Sand-Veil,N
Gallade,9,0,0,0,0,0,0,0,0,1,1,0,0,0,0,0,0,0,0,68,125,65,65,115,80,518,Justified,Steadfast,N
Gallade-Mega,5,0,0,0,0,0,0,0,0,1,1,0,0,0,0,0,0,0,0,68,165,95,65,115,110,618,Inner-Focus,N,N
Galvantula,9,0,0,0,1,0,0,1,0,0,0,0,0,0,0,0,0,0,0,70,77,60,97,60,108,472,Compound-Eyes,Unnerve,Swarm
Garbodor,6,0,0,0,0,0,1,0,0,0,0,0,0,0,0,0,0,0,0,80,95,82,60,82,75,474,Aftermath,Weak-Armor,Stench
Garchomp,7,0,0,0,0,0,0,0,1,0,0,0,0,0,0,1,0,0,0,108,130,95,80,85,102,600,Rough-Skin,Sand-Veil,N
Garchomp-Mega,7,0,0,0,0,0,0,0,1,0,0,0,0,0,0,1,0,0,0,108,170,115,120,95,92,700,Sand-Force,N,N
Gardevoir,9,0,0,0,0,0,0,0,0,0,1,0,0,0,0,0,0,0,1,68,65,65,125,115,80,518,Synchronize,Trace,Telepathy
Gardevoir-Mega,5,0,0,0,0,0,0,0,0,0,1,0,0,0,0,0,0,0,1,68,85,65,165,135,100,618,Pixilate,N,N
Gastly,4,0,0,0,0,0,1,0,0,0,0,0,0,1,0,0,0,0,0,30,35,30,100,35,80,310,Levitate,N,N
Gastrodon,6,0,0,1,0,0,0,0,1,0,0,0,0,0,0,0,0,0,0,111,83,68,92,82,39,475,Sand-Force,Storm-Drain,Sticky-Hold
Genesect,10,0,0,0,1,0,0,0,0,0,0,0,0,0,0,0,1,0,0,71,120,95,120,95,99,600,Download,N,N
Gengar,11,0,0,0,0,0,1,0,0,0,0,0,0,1,0,0,0,0,0,60,65,60,130,75,110,500,Cursed-Body,N,N
Gengar-Mega,10,0,0,0,0,0,1,0,0,0,0,0,0,1,0,0,0,0,0,60,65,80,170,95,130,600,Shadow-Tag,N,N
Geodude,4,0,0,0,0,0,0,0,1,0,0,1,0,0,0,0,0,0,0,40,80,100,30,30,20,300,Rock-Head,Sturdy,Sand-Veil
Geodude-Alola,4,0,0,0,0,0,0,1,0,0,0,1,0,0,0,0,0,0,0,40,80,100,30,30,20,300,Galvanize,Sturdy,Magnet-Pull
Gible,4,0,0,0,0,0,0,0,1,0,0,0,0,0,0,1,0,0,0,58,70,45,40,45,42,300,Rough-Skin,Sand-Veil,N
Gigalith,9,0,0,0,0,0,0,0,0,0,0,1,0,0,0,0,0,0,0,85,135,130,60,80,25,515,Sand-Force,Sturdy,Sand-Stream
Girafarig,8,0,0,0,0,1,0,0,0,0,1,0,0,0,0,0,0,0,0,70,80,65,90,65,85,455,Early-Bird,Sap-Sipper,Inner-Focus
Giratina,10,0,0,0,0,0,0,0,0,0,0,0,0,1,0,1,0,0,0,150,100,120,100,120,90,680,Pressure,Telepathy,N
Giratina-Origin,10,0,0,0,0,0,0,0,0,0,0,0,0,1,0,1,0,0,0,150,120,100,120,100,90,680,Levitate,N,N
Glaceon,8,0,0,0,0,0,0,0,0,0,0,0,0,0,1,0,0,0,0,65,60,110,130,95,65,525,Ice-Body,Snow-Cloak,N
Glalie,8,0,0,0,0,0,0,0,0,0,0,0,0,0,1,0,0,0,0,80,80,80,80,80,80,480,Ice-Body,Moody,Inner-Focus
Glalie-Mega,9,0,0,0,0,0,0,0,0,0,0,0,0,0,1,0,0,0,0,80,120,80,120,80,100,580,Refrigerate,N,N
Glameow,4,0,0,0,0,1,0,0,0,0,0,0,0,0,0,0,0,0,0,49,55,42,42,37,85,310,Keen-Eye,Own-Tempo,Limber
Gligar,9,0,0,0,0,0,0,0,1,0,0,0,1,0,0,0,0,0,0,65,75,105,35,65,85,430,Hyper-Cutter,Sand-Veil,Immunity
Gliscor,11,0,0,0,0,0,0,0,1,0,0,0,1,0,0,0,0,0,0,75,95,125,45,75,95,510,Hyper-Cutter,Sand-Veil,Poison-Heal
Gloom,12,1,0,0,0,0,1,0,0,0,0,0,0,0,0,0,0,0,0,60,65,70,85,75,40,395,Chlorophyll,Stench,N
Gogoat,8,1,0,0,0,0,0,0,0,0,0,0,0,0,0,0,0,0,0,123,100,62,97,81,68,531,Grass-Pelt,Sap-Sipper,N
Golbat,12,0,0,0,0,0,1,0,0,0,0,0,1,0,0,0,0,0,0,75,80,70,65,75,90,455,Infiltrator,Inner-Focus,N
Goldeen,4,0,0,1,0,0,0,0,0,0,0,0,0,0,0,0,0,0,0,45,67,60,35,50,63,320,Lightning-Rod,Water-Veil,Swift-Swim
Golduck,8,0,0,1,0,0,0,0,0,0,0,0,0,0,0,0,0,0,0,80,82,78,95,80,85,500,Cloud-Nine,Swift-Swim,Damp
Golem,8,0,0,0,0,0,0,0,1,0,0,1,0,0,0,0,0,0,0,80,120,130,55,65,45,495,Rock-Head,Sturdy,Sand-Veil
Golem-Alola,9,0,0,0,0,0,0,1,0,0,0,1,0,0,0,0,0,0,0,80,120,130,55,65,45,495,Galvanize,Sturdy,Magnet-Pull
Golett,4,0,0,0,0,0,0,0,1,0,0,0,0,1,0,0,0,0,0,59,74,50,35,50,35,303,Iron-Fist,No-Guard,Klutz
Golisopod,9,0,0,1,1,0,0,0,0,0,0,0,0,0,0,0,0,0,0,75,125,140,60,90,40,530,Emergency-Exit,N,N
Golurk,6,0,0,0,0,0,0,0,1,0,0,0,0,1,0,0,0,0,0,89,124,80,55,80,55,483,Iron-Fist,No-Guard,Klutz
Goodra,9,0,0,0,0,0,0,0,0,0,0,0,0,0,0,1,0,0,0,90,100,70,110,150,80,600,Gooey,Sap-Sipper,Hydration
Goomy,4,0,0,0,0,0,0,0,0,0,0,0,0,0,0,1,0,0,0,45,50,35,55,75,40,300,Gooey,Sap-Sipper,Hydration
Gorebyss,8,0,0,1,0,0,0,0,0,0,0,0,0,0,0,0,0,0,0,55,84,105,114,75,52,485,Hydration,Swift-Swim,N
Gothita,12,0,0,0,0,0,0,0,0,0,1,0,0,0,0,0,0,0,0,45,30,50,55,65,45,290,Competitive,Shadow-Tag,Frisk
Gothitelle,8,0,0,0,0,0,0,0,0,0,1,0,0,0,0,0,0,0,0,70,55,95,95,110,65,490,Competitive,Shadow-Tag,Frisk
Gothorita,12,0,0,0,0,0,0,0,0,0,1,0,0,0,0,0,0,0,0,60,45,70,75,85,55,390,Competitive,Shadow-Tag,Frisk
Gourgeist,8,1,0,0,0,0,0,0,0,0,0,0,0,1,0,0,0,0,0,65,90,122,58,75,84,494,Frisk,Pickup,Insomnia
Gourgeist-Large,8,1,0,0,0,0,0,0,0,0,0,0,0,1,0,0,0,0,0,75,95,122,58,75,69,494,Frisk,Pickup,Insomnia
Gourgeist-Small,8,1,0,0,0,0,0,0,0,0,0,0,0,1,0,0,0,0,0,55,85,122,58,75,99,494,Frisk,Pickup,Insomnia
Gourgeist-Super,8,1,0,0,0,0,0,0,0,0,0,0,0,1,0,0,0,0,0,85,100,122,58,75,54,494,Frisk,Pickup,Insomnia
Granbull,9,0,0,0,0,0,0,0,0,0,0,0,0,0,0,0,0,0,1,90,120,75,60,60,45,450,Intimidate,Rattled,Quick-Feet
Graveler,12,0,0,0,0,0,0,0,1,0,0,1,0,0,0,0,0,0,0,55,95,115,45,45,35,390,Rock-Head,Sturdy,Sand-Veil
Graveler-Alola,12,0,0,0,0,0,0,1,0,0,0,1,0,0,0,0,0,0,0,55,95,115,45,45,35,390,Galvanize,Sturdy,Magnet-Pull
Greninja,7,0,0,1,0,0,0,0,0,0,0,0,0,0,0,0,0,1,0,72,95,67,103,71,122,530,Battle-Bond,Torrent,Protean
Greninja-Ash,7,0,0,1,0,0,0,0,0,0,0,0,0,0,0,0,0,1,0,72,145,67,153,71,132,640,Battle-Bond,N,N
Grimer,4,0,0,0,0,0,1,0,0,0,0,0,0,0,0,0,0,0,0,80,80,50,40,50,25,325,Poison-Touch,Sticky-Hold,Stench
Grimer-Alola,4,0,0,0,0,0,1,0,0,0,0,0,0,0,0,0,0,1,0,80,80,50,40,50,25,325,Gluttony,Power-of-Alchemy,Poison-Touch
Grotle,12,1,0,0,0,0,0,0,0,0,0,0,0,0,0,0,0,0,0,75,89,85,55,65,36,405,Overgrow,Shell-Armor,N
Groudon,10,0,0,0,0,0,0,0,1,0,0,0,0,0,0,0,0,0,0,100,150,140,100,90,90,670,Drought,N,N
Groudon-Primal,10,0,1,0,0,0,0,0,1,0,0,0,0,0,0,0,0,0,0,100,180,160,150,90,90,770,Desolate-Land,N,N
Grovyle,12,1,0,0,0,0,0,0,0,0,0,0,0,0,0,0,0,0,0,50,65,45,85,65,95,405,Overgrow,Unburden,N
Growlithe,4,0,1,0,0,0,0,0,0,0,0,0,0,0,0,0,0,0,0,55,70,45,70,50,60,350,Flash-Fire,Justified,Intimidate
Grubbin,4,0,0,0,1,0,0,0,0,0,0,0,0,0,0,0,0,0,0,47,62,45,55,45,46,300,Swarm,N,N
Grumpig,8,0,0,0,0,0,0,0,0,0,1,0,0,0,0,0,0,0,0,80,45,65,90,110,80,470,Gluttony,Thick-Fat,Own-Tempo
Gulpin,4,0,0,0,0,0,1,0,0,0,0,0,0,0,0,0,0,0,0,70,43,53,43,53,40,302,Gluttony,Sticky-Hold,Liquid-Ooze
Gumshoos,9,0,0,0,0,1,0,0,0,0,0,0,0,0,0,0,0,0,0,88,110,60,55,60,45,418,Adaptability,Strong-Jaw,Stakeout
Gurdurr,12,0,0,0,0,0,0,0,0,1,0,0,0,0,0,0,0,0,0,85,105,85,40,50,40,405,Guts,Sheer-Force,Iron-Fist
Guzzlord,9,0,0,0,0,0,0,0,0,0,0,0,0,0,0,1,0,1,0,223,101,53,97,53,43,570,Beast-Boost,N,N
Gyarados,2,0,0,1,0,0,0,0,0,0,0,0,1,0,0,0,0,0,0,95,125,79,60,100,81,540,Intimidate,Moxie,N
Gyarados-Mega,7,0,0,1,0,0,0,0,0,0,0,0,0,0,0,0,0,1,0,95,155,109,70,130,81,640,Mold-Breaker,N,N
Hakamo-o,12,0,0,0,0,0,0,0,0,1,0,0,0,0,0,1,0,0,0,55,75,90,65,70,65,420,Bulletproof,Soundproof,Overcoat
Happiny,4,0,0,0,0,1,0,0,0,0,0,0,0,0,0,0,0,0,0,100,5,5,15,65,30,220,Friend-Guard,Serene-Grace,Natural-Cure
Hariyama,6,0,0,0,0,0,0,0,0,1,0,0,0,0,0,0,0,0,0,144,120,60,40,60,50,474,Guts,Thick-Fat,Sheer-Force
Haunter,12,0,0,0,0,0,1,0,0,0,0,0,0,1,0,0,0,0,0,45,50,45,115,55,95,405,Levitate,N,N
Hawlucha,3,0,0,0,0,0,0,0,0,1,0,0,1,0,0,0,0,0,0,78,92,77,74,63,118,502,Limber,Unburden,Mold-Breaker
Haxorus,11,0,0,0,0,0,0,0,0,0,0,0,0,0,0,1,0,0,0,76,147,90,60,70,97,540,Mold-Breaker,Unnerve,Rivalry
Heatmor,8,0,1,0,0,0,0,0,0,0,0,0,0,0,0,0,0,0,0,85,97,66,105,66,65,484,Flash-Fire,White-Smoke,Gluttony
Heatran,7,0,1,0,0,0,0,0,0,0,0,0,0,0,0,0,1,0,0,91,90,106,130,106,77,600,Flash-Fire,N,N
Heliolisk,9,0,0,0,0,1,0,1,0,0,0,0,0,0,0,0,0,0,0,62,55,52,109,94,109,481,Dry-Skin,Solar-Power,Sand-Veil
Helioptile,4,0,0,0,0,1,0,1,0,0,0,0,0,0,0,0,0,0,0,44,38,33,61,43,70,289,Dry-Skin,Solar-Power,Sand-Veil
Heracross,9,0,0,0,1,0,0,0,0,1,0,0,0,0,0,0,0,0,0,80,125,75,40,95,85,500,Guts,Swarm,Moxie
Heracross-Mega,5,0,0,0,1,0,0,0,0,1,0,0,0,0,0,0,0,0,0,80,185,115,40,105,75,600,Skill-Link,N,N
Herdier,12,0,0,0,0,1,0,0,0,0,0,0,0,0,0,0,0,0,0,65,80,65,35,65,60,370,Intimidate,Scrappy,Sand-Rush
Hippopotas,4,0,0,0,0,0,0,0,1,0,0,0,0,0,0,0,0,0,0,68,72,78,38,42,32,330,Sand-Force,Sand-Stream,N
Hippowdon,11,0,0,0,0,0,0,0,1,0,0,0,0,0,0,0,0,0,0,108,112,118,68,72,47,525,Sand-Force,Sand-Stream,N
Hitmonchan,6,0,0,0,0,0,0,0,0,1,0,0,0,0,0,0,0,0,0,50,105,79,35,110,76,455,Inner-Focus,Keen-Eye,Iron-Fist
Hitmonlee,9,0,0,0,0,0,0,0,0,1,0,0,0,0,0,0,0,0,0,50,120,53,35,110,87,455,Limber,Unburden,Reckless
Hitmontop,9,0,0,0,0,0,0,0,0,1,0,0,0,0,0,0,0,0,0,50,95,95,35,110,70,455,Intimidate,Technician,Steadfast
Ho-Oh,10,0,1,0,0,0,0,0,0,0,0,0,1,0,0,0,0,0,0,106,130,90,110,154,90,680,Pressure,Regenerator,N
Honchkrow,9,0,0,0,0,0,0,0,0,0,0,0,1,0,0,0,0,1,0,100,125,52,105,52,71,505,Insomnia,Super-Luck,Moxie
Honedge,4,0,0,0,0,0,0,0,0,0,0,0,0,1,0,0,1,0,0,45,80,100,35,37,28,325,No-Guard,N,N
Hoopa,9,0,0,0,0,0,0,0,0,0,1,0,0,1,0,0,0,0,0,80,110,60,150,130,70,600,Magician,N,N
Hoopa-Unbound,7,0,0,0,0,0,0,0,0,0,1,0,0,0,0,0,0,1,0,80,160,60,170,130,80,680,Magician,N,N
Hoothoot,4,0,0,0,0,1,0,0,0,0,0,0,1,0,0,0,0,0,0,60,30,30,36,56,50,262,Insomnia,Tinted-Lens,Keen-Eye
Hoppip,4,1,0,0,0,0,0,0,0,0,0,0,1,0,0,0,0,0,0,35,35,40,35,55,50,250,Chlorophyll,Leaf-Guard,Infiltrator
Horsea,4,0,0,1,0,0,0,0,0,0,0,0,0,0,0,0,0,0,0,30,40,70,70,25,60,295,Damp,Swift-Swim,Sniper
Houndoom,9,0,1,0,0,0,0,0,0,0,0,0,0,0,0,0,0,1,0,75,90,50,110,80,95,500,Early-Bird,Unnerve,Flash-Fire
Houndoom-Mega,5,0,1,0,0,0,0,0,0,0,0,0,0,0,0,0,0,1,0,75,90,90,140,90,115,600,Solar-Power,N,N
Houndour,4,0,1,0,0,0,0,0,0,0,0,0,0,0,0,0,0,1,0,45,60,30,80,50,65,330,Early-Bird,Unnerve,Flash-Fire
Huntail,8,0,0,1,0,0,0,0,0,0,0,0,0,0,0,0,0,0,0,55,104,105,94,75,52,485,Swift-Swim,Water-Veil,N
Hydreigon,11,0,0,0,0,0,0,0,0,0,0,0,0,0,0,1,0,1,0,92,105,90,125,90,98,600,Levitate,N,N
Hypno,8,0,0,0,0,0,0,0,0,0,1,0,0,0,0,0,0,0,0,85,73,70,73,115,67,483,Forewarn,Insomnia,Inner-Focus
Igglybuff,4,0,0,0,0,1,0,0,0,0,0,0,0,0,0,0,0,0,1,90,30,15,40,20,15,210,Competitive,Friend-Guard,Cute-Charm
Illumise,8,0,0,0,1,0,0,0,0,0,0,0,0,0,0,0,0,0,0,65,47,75,73,85,85,430,Oblivious,Tinted-Lens,Prankster
Incineroar,9,0,1,0,0,0,0,0,0,0,0,0,0,0,0,0,0,1,0,95,115,90,80,90,60,530,Blaze,Intimidate,N
Infernape,11,0,1,0,0,0,0,0,0,1,0,0,0,0,0,0,0,0,0,76,104,71,104,71,108,534,Blaze,Iron-Fist,N
Inkay,4,0,0,0,0,0,0,0,0,0,1,0,0,0,0,0,0,1,0,53,54,53,37,46,45,288,Contrary,Suction-Cups,Infiltrator
Ivysaur,12,1,0,0,0,0,1,0,0,0,0,0,0,0,0,0,0,0,0,60,62,63,80,80,60,405,Chlorophyll,Overgrow,N
Jangmo-o,4,0,0,0,0,0,0,0,0,0,0,0,0,0,0,1,0,0,0,45,55,65,45,45,45,300,Bulletproof,Soundproof,Overcoat
Jellicent,9,0,0,1,0,0,0,0,0,0,0,0,0,1,0,0,0,0,0,100,60,70,85,105,60,480,Cursed-Body,Water-Absorb,Damp
Jigglypuff,12,0,0,0,0,1,0,0,0,0,0,0,0,0,0,0,0,0,1,115,45,20,45,25,20,270,Competitive,Friend-Guard,Cute-Charm
Jirachi,7,0,0,0,0,0,0,0,0,0,1,0,0,0,0,0,1,0,0,100,100,100,100,100,100,600,Serene-Grace,N,N
Jolteon,9,0,0,0,0,0,0,1,0,0,0,0,0,0,0,0,0,0,0,65,65,60,110,95,130,525,Quick-Feet,Volt-Absorb,N
Joltik,4,0,0,0,1,0,0,1,0,0,0,0,0,0,0,0,0,0,0,50,47,50,57,50,65,319,Compound-Eyes,Unnerve,Swarm
Jumpluff,8,1,0,0,0,0,0,0,0,0,0,0,1,0,0,0,0,0,0,75,55,70,55,95,110,460,Chlorophyll,Leaf-Guard,Infiltrator
Jynx,6,0,0,0,0,0,0,0,0,0,1,0,0,0,1,0,0,0,0,65,50,35,115,95,95,455,Dry-Skin,Oblivious,Forewarn
Kabuto,4,0,0,1,0,0,0,0,0,0,0,1,0,0,0,0,0,0,0,30,80,90,55,45,55,355,Battle-Armor,Weak-Armor,Swift-Swim
Kabutops,9,0,0,1,0,0,0,0,0,0,0,1,0,0,0,0,0,0,0,60,115,105,65,70,80,495,Battle-Armor,Weak-Armor,Swift-Swim
Kadabra,12,0,0,0,0,0,0,0,0,0,1,0,0,0,0,0,0,0,0,40,35,30,120,70,105,400,Inner-Focus,Synchronize,Magic-Guard
Kakuna,12,0,0,0,1,0,1,0,0,0,0,0,0,0,0,0,0,0,0,45,25,50,25,25,35,205,Shed-Skin,N,N
Kangaskhan,6,0,0,0,0,1,0,0,0,0,0,0,0,0,0,0,0,0,0,105,95,80,40,80,90,490,Early-Bird,Scrappy,Inner-Focus
Kangaskhan-Mega,10,0,0,0,0,1,0,0,0,0,0,0,0,0,0,0,0,0,0,105,125,100,60,100,100,590,Parental-Bond,N,N
Karrablast,4,0,0,0,1,0,0,0,0,0,0,0,0,0,0,0,0,0,0,50,75,45,40,45,60,315,No-Guard,Swarm,Shed-Skin
Kartana,7,1,0,0,0,0,0,0,0,0,0,0,0,0,0,0,1,0,0,59,181,131,59,31,109,570,Beast-Boost,N,N
Kecleon,6,0,0,0,0,1,0,0,0,0,0,0,0,0,0,0,0,0,0,60,90,70,60,120,40,440,Color-Change,Protean,N
Keldeo,11,0,0,1,0,0,0,0,0,1,0,0,0,0,0,0,0,0,0,91,72,90,129,90,108,580,Justified,N,N
Kingdra,9,0,0,1,0,0,0,0,0,0,0,0,0,0,0,1,0,0,0,75,95,95,95,95,85,540,Damp,Swift-Swim,Sniper
Kingler,8,0,0,1,0,0,0,0,0,0,0,0,0,0,0,0,0,0,0,55,130,115,50,50,75,475,Hyper-Cutter,Shell-Armor,Sheer-Force
Kirlia,12,0,0,0,0,0,0,0,0,0,1,0,0,0,0,0,0,0,1,38,35,35,65,55,50,278,Synchronize,Trace,Telepathy
Klang,12,0,0,0,0,0,0,0,0,0,0,0,0,0,0,0,1,0,0,60,80,95,70,85,50,440,Clear-Body,Plus,Minus
Klefki,11,0,0,0,0,0,0,0,0,0,0,0,0,0,0,0,1,0,1,57,80,91,80,87,75,470,Magician,Prankster,N
Klink,4,0,0,0,0,0,0,0,0,0,0,0,0,0,0,0,1,0,0,40,55,70,45,60,30,300,Clear-Body,Plus,Minus
Klinklang,6,0,0,0,0,0,0,0,0,0,0,0,0,0,0,0,1,0,0,60,100,115,70,85,90,520,Clear-Body,Plus,Minus
Koffing,4,0,0,0,0,0,1,0,0,0,0,0,0,0,0,0,0,0,0,40,65,95,60,45,35,340,Levitate,N,N
Komala,9,0,0,0,0,1,0,0,0,0,0,0,0,0,0,0,0,0,0,65,115,65,75,95,65,480,Comatose,N,N
Kommo-o,9,0,0,0,0,0,0,0,0,1,0,0,0,0,0,1,0,0,0,75,110,125,100,105,85,600,Bulletproof,Soundproof,Overcoat
Krabby,4,0,0,1,0,0,0,0,0,0,0,0,0,0,0,0,0,0,0,30,105,90,25,25,50,325,Hyper-Cutter,Shell-Armor,Sheer-Force
Kricketot,4,0,0,0,1,0,0,0,0,0,0,0,0,0,0,0,0,0,0,37,25,41,25,41,25,194,Run-Away,Shed-Skin,N
Kricketune,8,0,0,0,1,0,0,0,0,0,0,0,0,0,0,0,0,0,0,77,85,51,55,51,65,384,Swarm,Technician,N
Krokorok,12,0,0,0,0,0,0,0,1,0,0,0,0,0,0,0,0,1,0,60,82,45,45,45,74,351,Anger-Point,Moxie,Intimidate
Krookodile,11,0,0,0,0,0,0,0,1,0,0,0,0,0,0,0,0,1,0,95,117,80,65,70,92,519,Anger-Point,Moxie,Intimidate
Kyogre,10,0,0,1,0,0,0,0,0,0,0,0,0,0,0,0,0,0,0,100,100,90,150,140,90,670,Drizzle,N,N
Kyogre-Primal,10,0,0,1,0,0,0,0,0,0,0,0,0,0,0,0,0,0,0,100,150,90,180,160,90,770,Primordial-Sea,N,N
Kyurem,3,0,0,0,0,0,0,0,0,0,0,0,0,0,1,1,0,0,0,125,130,90,130,90,95,660,Pressure,N,N
Kyurem-Black,2,0,0,0,0,0,0,0,0,0,0,0,0,0,1,1,0,0,0,125,170,100,120,90,95,700,Teravolt,N,N
Kyurem-White,10,0,0,0,0,0,0,0,0,0,0,0,0,0,1,1,0,0,0,125,120,90,170,100,95,700,Turboblaze,N,N
Lairon,12,0,0,0,0,0,0,0,0,0,0,1,0,0,0,0,1,0,0,60,90,140,50,50,40,430,Heavy-Metal,Sturdy,Rock-Head
Lampent,12,0,1,0,0,0,0,0,0,0,0,0,0,1,0,0,0,0,0,60,40,60,95,60,55,370,Flame-Body,Infiltrator,Flash-Fire
Landorus,10,0,0,0,0,0,0,0,1,0,0,0,1,0,0,0,0,0,0,89,125,90,115,80,101,600,Sand-Force,Sheer-Force,N
Landorus-Therian,7,0,0,0,0,0,0,0,1,0,0,0,1,0,0,0,0,0,0,89,145,90,105,80,91,600,Intimidate,N,N
Lanturn,6,0,0,1,0,0,0,1,0,0,0,0,0,0,0,0,0,0,0,125,58,58,76,76,67,460,Illuminate,Water-Absorb,Volt-Absorb
Lapras,8,0,0,1,0,0,0,0,0,0,0,0,0,0,1,0,0,0,0,130,85,80,85,95,60,535,Hydration,Water-Absorb,Shell-Armor
Larvesta,4,0,1,0,1,0,0,0,0,0,0,0,0,0,0,0,0,0,0,55,85,55,50,55,60,360,Flame-Body,Swarm,N
Larvitar,4,0,0,0,0,0,0,0,1,0,0,1,0,0,0,0,0,0,0,50,64,50,45,50,41,300,Guts,Sand-Veil,N
Latias,11,0,0,0,0,0,0,0,0,0,1,0,0,0,0,1,0,0,0,80,80,90,110,130,110,600,Levitate,N,N
Latias-Mega,5,0,0,0,0,0,0,0,0,0,1,0,0,0,0,1,0,0,0,80,100,120,140,150,110,700,Levitate,N,N
Latios,7,0,0,0,0,0,0,0,0,0,1,0,0,0,0,1,0,0,0,80,90,80,130,110,110,600,Levitate,N,N
Latios-Mega,5,0,0,0,0,0,0,0,0,0,1,0,0,0,0,1,0,0,0,80,130,100,160,120,110,700,Levitate,N,N
Leafeon,8,1,0,0,0,0,0,0,0,0,0,0,0,0,0,0,0,0,0,65,110,130,60,65,95,525,Chlorophyll,Leaf-Guard,N
Leavanny,8,1,0,0,1,0,0,0,0,0,0,0,0,0,0,0,0,0,0,75,103,80,70,80,92,500,Chlorophyll,Swarm,Overcoat
Ledian,8,0,0,0,1,0,0,0,0,0,0,0,1,0,0,0,0,0,0,55,35,50,55,110,85,390,Early-Bird,Swarm,Iron-Fist
Ledyba,4,0,0,0,1,0,0,0,0,0,0,0,1,0,0,0,0,0,0,40,20,30,40,80,55,265,Early-Bird,Swarm,Rattled
Lickilicky,8,0,0,0,0,1,0,0,0,0,0,0,0,0,0,0,0,0,0,110,85,95,80,95,50,515,Cloud-Nine,Own-Tempo,Oblivious
Lickitung,4,0,0,0,0,1,0,0,0,0,0,0,0,0,0,0,0,0,0,90,55,75,60,75,30,385,Cloud-Nine,Own-Tempo,Oblivious
Liepard,6,0,0,0,0,0,0,0,0,0,0,0,0,0,0,0,0,1,0,64,88,50,88,50,106,446,Limber,Unburden,Prankster
Lileep,4,1,0,0,0,0,0,0,0,0,0,1,0,0,0,0,0,0,0,66,41,77,61,87,23,355,Storm-Drain,Suction-Cups,N
Lilligant,6,1,0,0,0,0,0,0,0,0,0,0,0,0,0,0,0,0,0,70,60,75,110,75,90,480,Chlorophyll,Own-Tempo,Leaf-Guard
Lillipup,4,0,0,0,0,1,0,0,0,0,0,0,0,0,0,0,0,0,0,45,60,45,25,45,55,275,Pickup,Vital-Spirit,Run-Away
Linoone,8,0,0,0,0,1,0,0,0,0,0,0,0,0,0,0,0,0,0,78,70,61,50,61,100,420,Gluttony,Quick-Feet,Pickup
Litleo,4,0,1,0,0,1,0,0,0,0,0,0,0,0,0,0,0,0,0,62,50,58,73,54,72,369,Moxie,Unnerve,Rivalry
Litten,4,0,1,0,0,0,0,0,0,0,0,0,0,0,0,0,0,0,0,45,65,40,60,40,70,320,Blaze,Intimidate,N
Litwick,4,0,1,0,0,0,0,0,0,0,0,0,0,1,0,0,0,0,0,50,30,55,65,55,20,275,Flame-Body,Infiltrator,Flash-Fire
Lombre,12,1,0,1,0,0,0,0,0,0,0,0,0,0,0,0,0,0,0,60,50,50,60,70,50,340,Own-Tempo,Swift-Swim,Rain-Dish
Lopunny,8,0,0,0,0,1,0,0,0,0,0,0,0,0,0,0,0,0,0,65,76,84,54,96,105,480,Cute-Charm,Limber,Klutz
Lopunny-Mega,5,0,0,0,0,1,0,0,0,1,0,0,0,0,0,0,0,0,0,65,136,94,54,96,135,580,Scrappy,N,N
Lotad,4,1,0,1,0,0,0,0,0,0,0,0,0,0,0,0,0,0,0,40,30,30,40,50,30,220,Own-Tempo,Swift-Swim,Rain-Dish
Loudred,12,0,0,0,0,1,0,0,0,0,0,0,0,0,0,0,0,0,0,84,71,43,71,43,48,360,Scrappy,Soundproof,N
Lucario,3,0,0,0,0,0,0,0,0,1,0,0,0,0,0,0,1,0,0,70,110,70,115,70,90,525,Inner-Focus,Steadfast,Justified
Lucario-Mega,10,0,0,0,0,0,0,0,0,1,0,0,0,0,0,0,1,0,0,70,145,88,140,70,112,625,Adaptability,N,N
Ludicolo,6,1,0,1,0,0,0,0,0,0,0,0,0,0,0,0,0,0,0,80,70,70,90,100,70,480,Own-Tempo,Swift-Swim,Rain-Dish
Lugia,10,0,0,0,0,0,0,0,0,0,1,0,1,0,0,0,0,0,0,106,90,130,90,154,110,680,Multiscale,Pressure,N
Lumineon,8,0,0,1,0,0,0,0,0,0,0,0,0,0,0,0,0,0,0,69,69,76,69,86,91,460,Storm-Drain,Water-Veil,Swift-Swim
Lunala,10,0,0,0,0,0,0,0,0,0,1,0,0,1,0,0,0,0,0,137,113,89,137,107,97,680,Shadow-Shield,N,N
Lunatone,8,0,0,0,0,0,0,0,0,0,1,1,0,0,0,0,0,0,0,90,55,65,95,85,70,460,Levitate,N,N
Lurantis,9,1,0,0,0,0,0,0,0,0,0,0,0,0,0,0,0,0,0,70,105,90,80,90,45,480,Contrary,Leaf-Guard,N
Luvdisc,8,0,0,1,0,0,0,0,0,0,0,0,0,0,0,0,0,0,0,43,30,55,40,65,97,330,Hydration,Swift-Swim,N
Luxio,12,0,0,0,0,0,0,1,0,0,0,0,0,0,0,0,0,0,0,60,85,49,60,49,60,363,Guts,Rivalry,Intimidate
Luxray,8,0,0,0,0,0,0,1,0,0,0,0,0,0,0,0,0,0,0,80,120,79,95,79,70,523,Guts,Rivalry,Intimidate
Lycanroc,9,0,0,0,0,0,0,0,0,0,0,1,0,0,0,0,0,0,0,75,115,65,55,65,112,487,Keen-Eye,Steadfast,Sand-Rush
Lycanroc-Midnight,9,0,0,0,0,0,0,0,0,0,0,1,0,0,0,0,0,0,0,85,115,75,55,75,82,487,Keen-Eye,Vital-Spirit,No-Guard
Machamp,9,0,0,0,0,0,0,0,0,1,0,0,0,0,0,0,0,0,0,90,130,80,65,85,55,505,Guts,Steadfast,No-Guard
Machoke,12,0,0,0,0,0,0,0,0,1,0,0,0,0,0,0,0,0,0,80,100,70,50,60,45,405,Guts,Steadfast,No-Guard
Machop,4,0,0,0,0,0,0,0,0,1,0,0,0,0,0,0,0,0,0,70,80,50,35,35,35,305,Guts,Steadfast,No-Guard
Magby,4,0,1,0,0,0,0,0,0,0,0,0,0,0,0,0,0,0,0,45,75,37,70,55,83,365,Flame-Body,Vital-Spirit,N
Magcargo,8,0,1,0,0,0,0,0,0,0,0,1,0,0,0,0,0,0,0,60,50,120,90,80,30,430,Flame-Body,Weak-Armor,Magma-Armor
Magearna,7,0,0,0,0,0,0,0,0,0,0,0,0,0,0,0,1,0,1,80,95,115,130,115,65,600,Soul-Heart,N,N
Magikarp,4,0,0,1,0,0,0,0,0,0,0,0,0,0,0,0,0,0,0,20,10,55,15,20,80,200,Rattled,Swift-Swim,N
Magmar,12,0,1,0,0,0,0,0,0,0,0,0,0,0,0,0,0,0,0,65,95,57,100,85,93,495,Flame-Body,Vital-Spirit,N
Magmortar,6,0,1,0,0,0,0,0,0,0,0,0,0,0,0,0,0,0,0,75,95,67,125,95,83,540,Flame-Body,Vital-Spirit,N
Magnemite,4,0,0,0,0,0,0,1,0,0,0,0,0,0,0,0,1,0,0,25,35,70,95,55,45,325,Analytic,Sturdy,Magnet-Pull
Magneton,11,0,0,0,0,0,0,1,0,0,0,0,0,0,0,0,1,0,0,50,60,95,120,70,70,465,Analytic,Sturdy,Magnet-Pull
Magnezone,7,0,0,0,0,0,0,1,0,0,0,0,0,0,0,0,1,0,0,70,70,115,130,90,60,535,Analytic,Sturdy,Magnet-Pull
Makuhita,4,0,0,0,0,0,0,0,0,1,0,0,0,0,0,0,0,0,0,72,60,30,20,30,25,237,Guts,Thick-Fat,Sheer-Force
Malamar,6,0,0,0,0,0,0,0,0,0,1,0,0,0,0,0,0,1,0,86,92,88,68,75,73,482,Contrary,Suction-Cups,Infiltrator
Mamoswine,7,0,0,0,0,0,0,0,1,0,0,0,0,0,1,0,0,0,0,110,130,80,70,60,80,530,Oblivious,Thick-Fat,Snow-Cloak
Manaphy,7,0,0,1,0,0,0,0,0,0,0,0,0,0,0,0,0,0,0,100,100,100,100,100,100,600,Hydration,N,N
Mandibuzz,11,0,0,0,0,0,0,0,0,0,0,0,1,0,0,0,0,1,0,110,65,105,55,95,80,510,Big-Pecks,Weak-Armor,Overcoat
Manectric,6,0,0,0,0,0,0,1,0,0,0,0,0,0,0,0,0,0,0,70,75,60,105,60,105,475,Lightning-Rod,Static,Minus
Manectric-Mega,5,0,0,0,0,0,0,1,0,0,0,0,0,0,0,0,0,0,0,70,75,80,135,80,135,575,Intimidate,N,N
Mankey,4,0,0,0,0,0,0,0,0,1,0,0,0,0,0,0,0,0,0,40,80,35,35,45,70,305,Anger-Point,Vital-Spirit,Defiant
Mantine,9,0,0,1,0,0,0,0,0,0,0,0,1,0,0,0,0,0,0,85,40,70,80,140,70,485,Swift-Swim,Water-Veil,Water-Absorb
Mantyke,4,0,0,1,0,0,0,0,0,0,0,0,1,0,0,0,0,0,0,45,20,50,60,120,50,345,Swift-Swim,Water-Veil,Water-Absorb
Maractus,8,1,0,0,0,0,0,0,0,0,0,0,0,0,0,0,0,0,0,75,86,67,106,67,60,461,Chlorophyll,Water-Absorb,Storm-Drain
Mareanie,4,0,0,1,0,0,1,0,0,0,0,0,0,0,0,0,0,0,0,50,53,62,43,52,45,305,Limber,Regenerator,Merciless
Mareep,4,0,0,0,0,0,0,1,0,0,0,0,0,0,0,0,0,0,0,55,40,40,65,45,35,280,Plus,Static,N
Marill,12,0,0,1,0,0,0,0,0,0,0,0,0,0,0,0,0,0,1,70,20,50,20,50,40,250,Huge-Power,Thick-Fat,Sap-Sipper
Marowak,8,0,0,0,0,0,0,0,1,0,0,0,0,0,0,0,0,0,0,60,80,110,50,80,45,425,Battle-Armor,Rock-Head,Lightning-Rod
Marowak-Alola,7,0,1,0,0,0,0,0,0,0,0,0,0,1,0,0,0,0,0,60,80,110,50,80,45,425,Cursed-Body,Rock-Head,Lightning-Rod
Marshadow,5,0,0,0,0,0,0,0,0,1,0,0,0,1,0,0,0,0,0,90,125,80,90,90,125,600,Technician,N,N
Marshtomp,12,0,0,1,0,0,0,0,1,0,0,0,0,0,0,0,0,0,0,70,85,70,60,70,50,405,Damp,Torrent,N
Masquerain,8,0,0,0,1,0,0,0,0,0,0,0,1,0,0,0,0,0,0,70,60,62,100,82,80,454,Intimidate,Unnerve,N
Mawile,8,0,0,0,0,0,0,0,0,0,0,0,0,0,0,0,1,0,1,50,85,85,55,55,50,380,Hyper-Cutter,Sheer-Force,Intimidate
Mawile-Mega,7,0,0,0,0,0,0,0,0,0,0,0,0,0,0,0,1,0,1,50,105,125,55,95,50,480,Huge-Power,N,N
Medicham,9,0,0,0,0,0,0,0,0,1,1,0,0,0,0,0,0,0,0,60,60,75,60,75,80,410,Pure-Power,Telepathy,N
Medicham-Mega,5,0,0,0,0,0,0,0,0,1,1,0,0,0,0,0,0,0,0,60,100,85,80,85,100,510,Pure-Power,N,N
Meditite,12,0,0,0,0,0,0,0,0,1,1,0,0,0,0,0,0,0,0,30,40,55,40,55,60,280,Pure-Power,Telepathy,N
Meganium,8,1,0,0,0,0,0,0,0,0,0,0,0,0,0,0,0,0,0,80,82,100,83,100,80,525,Leaf-Guard,Overgrow,N
Meloetta,9,0,0,0,0,1,0,0,0,0,1,0,0,0,0,0,0,0,0,100,77,77,128,128,90,600,Serene-Grace,N,N
Meloetta-Pirouette,9,0,0,0,0,1,0,0,0,1,0,0,0,0,0,0,0,0,0,100,128,90,77,77,128,600,Serene-Grace,N,N
Meowstic-F,8,0,0,0,0,0,0,0,0,0,1,0,0,0,0,0,0,0,0,74,48,76,83,81,104,466,Competitive,Keen-Eye,Infiltrator
Meowstic-M,8,0,0,0,0,0,0,0,0,0,1,0,0,0,0,0,0,0,0,74,48,76,83,81,104,466,Infiltrator,Prankster,Keen-Eye
Meowth,4,0,0,0,0,1,0,0,0,0,0,0,0,0,0,0,0,0,0,40,45,35,40,40,90,290,Pickup,Unnerve,Technician
Meowth-Alola,4,0,0,0,0,0,0,0,0,0,0,0,0,0,0,0,0,1,0,40,35,35,50,40,90,290,Pickup,Technician,Rattled
Mesprit,6,0,0,0,0,0,0,0,0,0,1,0,0,0,0,0,0,0,0,80,105,105,105,105,80,580,Levitate,N,N
Metagross,11,0,0,0,0,0,0,0,0,0,1,0,0,0,0,0,1,0,0,80,135,130,95,90,70,600,Clear-Body,Light-Metal,N
Metagross-Mega,7,0,0,0,0,0,0,0,0,0,1,0,0,0,0,0,1,0,0,80,145,150,105,110,110,700,Tough-Claws,N,N
Metang,12,0,0,0,0,0,0,0,0,0,1,0,0,0,0,0,1,0,0,60,75,100,55,80,50,420,Clear-Body,Light-Metal,N
Metapod,12,0,0,0,1,0,0,0,0,0,0,0,0,0,0,0,0,0,0,50,20,55,25,25,30,205,Shed-Skin,N,N
Mew,11,0,0,0,0,0,0,0,0,0,1,0,0,0,0,0,0,0,0,100,100,100,100,100,100,600,Synchronize,N,N
Mewtwo,10,0,0,0,0,0,0,0,0,0,1,0,0,0,0,0,0,0,0,106,110,90,154,90,130,680,Pressure,Unnerve,N
Mewtwo-Mega-X,5,0,0,0,0,0,0,0,0,1,1,0,0,0,0,0,0,0,0,106,190,100,154,100,130,780,Steadfast,N,N
Mewtwo-Mega-Y,5,0,0,0,0,0,0,0,0,0,1,0,0,0,0,0,0,0,0,106,150,70,194,120,140,780,Insomnia,N,N
Mienfoo,4,0,0,0,0,0,0,0,0,1,0,0,0,0,0,0,0,0,0,45,85,50,55,50,65,350,Inner-Focus,Regenerator,Reckless
Mienshao,11,0,0,0,0,0,0,0,0,1,0,0,0,0,0,0,0,0,0,65,125,60,95,60,105,510,Inner-Focus,Regenerator,Reckless
Mightyena,8,0,0,0,0,0,0,0,0,0,0,0,0,0,0,0,0,1,0,70,90,70,60,60,70,420,Intimidate,Quick-Feet,Moxie
Milotic,9,0,0,1,0,0,0,0,0,0,0,0,0,0,0,0,0,0,0,95,60,79,100,125,81,540,Competitive,Marvel-Scale,Cute-Charm
Miltank,6,0,0,0,0,1,0,0,0,0,0,0,0,0,0,0,0,0,0,95,80,105,40,70,100,490,Sap-Sipper,Thick-Fat,Scrappy
Mime-Jr.,4,0,0,0,0,0,0,0,0,0,1,0,0,0,0,0,0,0,1,20,25,45,70,90,60,310,Filter,Technician,Soundproof
Mimikyu,7,0,0,0,0,0,0,0,0,0,0,0,0,1,0,0,0,0,1,55,90,80,50,105,96,476,Disguise,N,N
Minccino,4,0,0,0,0,1,0,0,0,0,0,0,0,0,0,0,0,0,0,55,50,40,40,40,75,300,Cute-Charm,Technician,Skill-Link
Minior,9,0,0,0,0,0,0,0,0,0,0,1,1,0,0,0,0,0,0,60,100,60,100,60,120,500,Shields-Down,N,N
Minior-Meteor,9,0,0,0,0,0,0,0,0,0,0,1,1,0,0,0,0,0,0,60,60,100,60,100,60,440,Shields-Down,N,N
Minun,8,0,0,0,0,0,0,1,0,0,0,0,0,0,0,0,0,0,0,60,40,50,75,85,95,405,Minus,Volt-Absorb,N
Misdreavus,12,0,0,0,0,0,0,0,0,0,0,0,0,1,0,0,0,0,0,60,60,60,85,85,85,435,Levitate,N,N
Mismagius,6,0,0,0,0,0,0,0,0,0,0,0,0,1,0,0,0,0,0,60,60,60,105,105,105,495,Levitate,N,N
Moltres,9,0,1,0,0,0,0,0,0,0,0,0,1,0,0,0,0,0,0,90,100,90,125,85,90,580,Flame-Body,Pressure,N
Monferno,12,0,1,0,0,0,0,0,0,1,0,0,0,0,0,0,0,0,0,64,78,52,78,52,81,405,Blaze,Iron-Fist,N
Morelull,4,1,0,0,0,0,0,0,0,0,0,0,0,0,0,0,0,0,1,40,35,55,65,75,15,285,Effect-Spore,Rain-Dish,Illuminate
Mothim,8,0,0,0,1,0,0,0,0,0,0,0,1,0,0,0,0,0,0,70,94,50,94,50,66,424,Swarm,Tinted-Lens,N
Mr.-Mime,8,0,0,0,0,0,0,0,0,0,1,0,0,0,0,0,0,0,1,40,45,65,100,120,90,460,Filter,Technician,Soundproof
Mudbray,4,0,0,0,0,0,0,0,1,0,0,0,0,0,0,0,0,0,0,70,100,70,45,55,45,385,Inner-Focus,Stamina,Own-Tempo
Mudkip,4,0,0,1,0,0,0,0,0,0,0,0,0,0,0,0,0,0,0,50,70,50,50,50,40,310,Damp,Torrent,N
Mudsdale,9,0,0,0,0,0,0,0,1,0,0,0,0,0,0,0,0,0,0,100,125,100,55,85,35,500,Inner-Focus,Stamina,Own-Tempo
Muk,8,0,0,0,0,0,1,0,0,0,0,0,0,0,0,0,0,0,0,105,105,75,65,100,50,500,Poison-Touch,Sticky-Hold,Stench
Muk-Alola,7,0,0,0,0,0,1,0,0,0,0,0,0,0,0,0,0,1,0,105,105,75,65,100,50,500,Gluttony,Power-of-Alchemy,Poison-Touch
Munchlax,4,0,0,0,0,1,0,0,0,0,0,0,0,0,0,0,0,0,0,135,85,40,40,85,5,390,Gluttony,Thick-Fat,Pickup
Munna,4,0,0,0,0,0,0,0,0,0,1,0,0,0,0,0,0,0,0,76,25,45,67,55,24,292,Forewarn,Telepathy,Synchronize
Murkrow,12,0,0,0,0,0,0,0,0,0,0,0,1,0,0,0,0,1,0,60,85,42,85,42,91,405,Insomnia,Super-Luck,Prankster
Musharna,8,0,0,0,0,0,0,0,0,0,1,0,0,0,0,0,0,0,0,116,55,85,107,95,29,487,Forewarn,Telepathy,Synchronize
Natu,4,0,0,0,0,0,0,0,0,0,1,0,1,0,0,0,0,0,0,40,50,45,70,45,70,320,Early-Bird,Synchronize,Magic-Bounce
Necrozma,9,0,0,0,0,0,0,0,0,0,1,0,0,0,0,0,0,0,0,97,107,101,127,89,79,600,Prism-Armor,N,N
Nidoking,11,0,0,0,0,0,1,0,1,0,0,0,0,0,0,0,0,0,0,81,102,77,85,75,85,505,Poison-Point,Sheer-Force,Rivalry
Nidoqueen,9,0,0,0,0,0,1,0,1,0,0,0,0,0,0,0,0,0,0,90,92,87,75,85,76,505,Poison-Point,Sheer-Force,Rivalry
Nidoran-F,4,0,0,0,0,0,1,0,0,0,0,0,0,0,0,0,0,0,0,55,47,52,40,40,41,275,Hustle,Rivalry,Poison-Point
Nidoran-M,4,0,0,0,0,0,1,0,0,0,0,0,0,0,0,0,0,0,0,46,57,40,40,40,50,273,Hustle,Rivalry,Poison-Point
Nidorina,12,0,0,0,0,0,1,0,0,0,0,0,0,0,0,0,0,0,0,70,62,67,55,55,56,365,Hustle,Rivalry,Poison-Point
Nidorino,12,0,0,0,0,0,1,0,0,0,0,0,0,0,0,0,0,0,0,61,72,57,55,55,65,365,Hustle,Rivalry,Poison-Point
Nihilego,7,0,0,0,0,0,1,0,0,0,0,1,0,0,0,0,0,0,0,109,53,47,127,131,103,570,Beast-Boost,N,N
Nincada,4,0,0,0,1,0,0,0,1,0,0,0,0,0,0,0,0,0,0,31,45,90,30,30,40,266,Compound-Eyes,Run-Away,N
Ninetales,6,0,1,0,0,0,0,0,0,0,0,0,0,0,0,0,0,0,0,73,76,75,81,100,100,505,Drought,Flash-Fire,N
Ninetales-Alola,11,0,0,0,0,0,0,0,0,0,0,0,0,0,1,0,0,0,1,73,67,75,81,100,109,505,Snow-Cloak,Snow-Warning,N
Ninjask,8,0,0,0,1,0,0,0,0,0,0,0,1,0,0,0,0,0,0,61,90,45,50,50,160,456,Infiltrator,Speed-Boost,N
Noctowl,8,0,0,0,0,1,0,0,0,0,0,0,1,0,0,0,0,0,0,100,50,50,86,96,70,452,Insomnia,Tinted-Lens,Keen-Eye
Noibat,4,0,0,0,0,0,0,0,0,0,0,0,1,0,0,1,0,0,0,40,30,35,45,40,55,245,Frisk,Telepathy,Infiltrator
Noivern,9,0,0,0,0,0,0,0,0,0,0,0,1,0,0,1,0,0,0,85,70,80,97,80,123,535,Frisk,Telepathy,Infiltrator
Nosepass,4,0,0,0,0,0,0,0,0,0,0,1,0,0,0,0,0,0,0,30,45,135,45,90,30,375,Magnet-Pull,Sturdy,Sand-Force
Numel,4,0,1,0,0,0,0,0,1,0,0,0,0,0,0,0,0,0,0,60,60,40,65,45,35,305,Oblivious,Simple,Own-Tempo
Nuzleaf,12,1,0,0,0,0,0,0,0,0,0,0,0,0,0,0,0,1,0,70,70,40,60,40,60,340,Chlorophyll,Pickpocket,Early-Bird
Octillery,8,0,0,1,0,0,0,0,0,0,0,0,0,0,0,0,0,0,0,75,105,75,105,75,45,480,Moody,Suction-Cups,Sniper
Oddish,4,1,0,0,0,0,1,0,0,0,0,0,0,0,0,0,0,0,0,45,50,55,75,65,30,320,Chlorophyll,Run-Away,N
Omanyte,4,0,0,1,0,0,0,0,0,0,0,1,0,0,0,0,0,0,0,35,40,100,90,55,35,355,Shell-Armor,Weak-Armor,Swift-Swim
Omastar,6,0,0,1,0,0,0,0,0,0,0,1,0,0,0,0,0,0,0,70,60,125,115,70,55,495,Shell-Armor,Weak-Armor,Swift-Swim
Onix,4,0,0,0,0,0,0,0,1,0,0,1,0,0,0,0,0,0,0,35,45,160,30,45,70,385,Rock-Head,Weak-Armor,Sturdy
Oranguru,9,0,0,0,0,1,0,0,0,0,1,0,0,0,0,0,0,0,0,90,60,80,90,110,60,490,Inner-Focus,Telepathy,Symbiosis
Oricorio,9,0,1,0,0,0,0,0,0,0,0,0,1,0,0,0,0,0,0,75,70,70,98,70,93,476,Dancer,N,N
Oricorio-Pau,9,0,0,0,0,0,0,0,0,0,1,0,1,0,0,0,0,0,0,75,70,70,98,70,93,476,Dancer,N,N
Oricorio-Pom-Pom,9,0,0,0,0,0,0,1,0,0,0,0,1,0,0,0,0,0,0,75,70,70,98,70,93,476,Dancer,N,N
Oricorio-Sensu,9,0,0,0,0,0,0,0,0,0,0,0,1,1,0,0,0,0,0,75,70,70,98,70,93,476,Dancer,N,N
Oshawott,4,0,0,1,0,0,0,0,0,0,0,0,0,0,0,0,0,0,0,55,55,45,63,45,45,308,Shell-Armor,Torrent,N
Pachirisu,8,0,0,0,0,0,0,1,0,0,0,0,0,0,0,0,0,0,0,60,45,70,45,90,95,405,Pickup,Volt-Absorb,Run-Away
Palkia,10,0,0,1,0,0,0,0,0,0,0,0,0,0,0,1,0,0,0,90,120,100,150,120,100,680,Pressure,Telepathy,N
Palossand,9,0,0,0,0,0,0,0,1,0,0,0,0,1,0,0,0,0,0,85,75,110,100,75,35,480,Sand-Veil,Water-Compaction,N
Palpitoad,12,0,0,1,0,0,0,0,1,0,0,0,0,0,0,0,0,0,0,75,65,55,65,55,69,384,Hydration,Water-Absorb,Swift-Swim
Pancham,4,0,0,0,0,0,0,0,0,1,0,0,0,0,0,0,0,0,0,67,82,62,46,48,43,348,Iron-Fist,Scrappy,Mold-Breaker
Pangoro,9,0,0,0,0,0,0,0,0,1,0,0,0,0,0,0,0,1,0,95,124,78,69,71,58,495,Iron-Fist,Scrappy,Mold-Breaker
Panpour,4,0,0,1,0,0,0,0,0,0,0,0,0,0,0,0,0,0,0,50,53,48,53,48,64,316,Gluttony,Torrent,N
Pansage,4,1,0,0,0,0,0,0,0,0,0,0,0,0,0,0,0,0,0,50,53,48,53,48,64,316,Gluttony,Overgrow,N
Pansear,4,0,1,0,0,0,0,0,0,0,0,0,0,0,0,0,0,0,0,50,53,48,53,48,64,316,Blaze,Gluttony,N
Paras,4,1,0,0,1,0,0,0,0,0,0,0,0,0,0,0,0,0,0,35,70,55,45,55,25,285,Damp,Effect-Spore,Dry-Skin
Parasect,8,1,0,0,1,0,0,0,0,0,0,0,0,0,0,0,0,0,0,60,95,80,60,80,30,405,Damp,Effect-Spore,Dry-Skin
Passimian,9,0,0,0,0,0,0,0,0,1,0,0,0,0,0,0,0,0,0,100,120,90,40,60,80,490,Defiant,Receiver,N
Patrat,4,0,0,0,0,1,0,0,0,0,0,0,0,0,0,0,0,0,0,45,55,39,35,39,42,255,Analytic,Run-Away,Keen-Eye
Pawniard,4,0,0,0,0,0,0,0,0,0,0,0,0,0,0,0,1,1,0,45,85,70,40,40,60,340,Defiant,Pressure,Inner-Focus
Pelipper,7,0,0,1,0,0,0,0,0,0,0,0,1,0,0,0,0,0,0,60,50,100,95,70,65,440,Drizzle,Rain-Dish,Keen-Eye
Persian,8,0,0,0,0,1,0,0,0,0,0,0,0,0,0,0,0,0,0,65,70,60,65,65,115,440,Limber,Unnerve,Technician
Persian-Alola,9,0,0,0,0,0,0,0,0,0,0,0,0,0,0,0,0,1,0,65,60,60,75,65,115,440,Fur-Coat,Technician,Rattled
Petilil,4,1,0,0,0,0,0,0,0,0,0,0,0,0,0,0,0,0,0,45,35,50,70,50,30,280,Chlorophyll,Own-Tempo,Leaf-Guard
Phanpy,4,0,0,0,0,0,0,0,1,0,0,0,0,0,0,0,0,0,0,90,60,60,40,40,40,330,Pickup,Sand-Veil,N
Phantump,4,1,0,0,0,0,0,0,0,0,0,0,0,1,0,0,0,0,0,43,70,48,50,60,38,309,Frisk,Natural-Cure,Harvest
Pheromosa,10,0,0,0,1,0,0,0,0,1,0,0,0,0,0,0,0,0,0,71,137,37,137,37,151,570,Beast-Boost,N,N
Phione,8,0,0,1,0,0,0,0,0,0,0,0,0,0,0,0,0,0,0,80,80,80,80,80,80,480,Hydration,N,N
Pichu,4,0,0,0,0,0,0,1,0,0,0,0,0,0,0,0,0,0,0,20,40,15,35,35,60,205,Lightning-Rod,Static,N
Pidgeot,8,0,0,0,0,1,0,0,0,0,0,0,1,0,0,0,0,0,0,83,80,75,70,70,101,479,Big-Pecks,Tangled-Feet,Keen-Eye
Pidgeot-Mega,5,0,0,0,0,1,0,0,0,0,0,0,1,0,0,0,0,0,0,83,80,80,135,80,121,579,No-Guard,N,N
Pidgeotto,12,0,0,0,0,1,0,0,0,0,0,0,1,0,0,0,0,0,0,63,60,55,50,50,71,349,Big-Pecks,Tangled-Feet,Keen-Eye
Pidgey,4,0,0,0,0,1,0,0,0,0,0,0,1,0,0,0,0,0,0,40,45,40,35,35,56,251,Big-Pecks,Tangled-Feet,Keen-Eye
Pidove,4,0,0,0,0,1,0,0,0,0,0,0,1,0,0,0,0,0,0,50,55,50,36,30,43,264,Big-Pecks,Super-Luck,Rivalry
Pignite,12,0,1,0,0,0,0,0,0,1,0,0,0,0,0,0,0,0,0,90,93,55,70,55,55,418,Blaze,Thick-Fat,N
Pikachu,12,0,0,0,0,0,0,1,0,0,0,0,0,0,0,0,0,0,0,35,55,40,50,50,90,320,Lightning-Rod,Static,N
Pikipek,4,0,0,0,0,1,0,0,0,0,0,0,1,0,0,0,0,0,0,35,75,30,30,30,65,265,Keen-Eye,Skill-Link,Pickup
Piloswine,6,0,0,0,0,0,0,0,1,0,0,0,0,0,1,0,0,0,0,100,100,80,60,60,50,450,Oblivious,Thick-Fat,Snow-Cloak
Pineco,4,0,0,0,1,0,0,0,0,0,0,0,0,0,0,0,0,0,0,50,65,90,35,35,15,290,Overcoat,Sturdy,N
Pinsir,6,0,0,0,1,0,0,0,0,0,0,0,0,0,0,0,0,0,0,65,125,100,55,70,85,500,Hyper-Cutter,Moxie,Mold-Breaker
Pinsir-Mega,7,0,0,0,1,0,0,0,0,0,0,0,1,0,0,0,0,0,0,65,155,120,65,90,105,600,Aerilate,N,N
Piplup,4,0,0,1,0,0,0,0,0,0,0,0,0,0,0,0,0,0,0,53,51,53,61,56,40,314,Defiant,Torrent,N
Plusle,8,0,0,0,0,0,0,1,0,0,0,0,0,0,0,0,0,0,0,60,50,40,85,75,95,405,Lightning-Rod,Plus,N
Politoed,9,0,0,1,0,0,0,0,0,0,0,0,0,0,0,0,0,0,0,90,75,75,90,100,70,500,Damp,Water-Absorb,Drizzle
Poliwag,4,0,0,1,0,0,0,0,0,0,0,0,0,0,0,0,0,0,0,40,50,40,40,40,90,300,Damp,Water-Absorb,Swift-Swim
Poliwhirl,12,0,0,1,0,0,0,0,0,0,0,0,0,0,0,0,0,0,0,65,65,65,50,50,90,385,Damp,Water-Absorb,Swift-Swim
Poliwrath,6,0,0,1,0,0,0,0,0,1,0,0,0,0,0,0,0,0,0,90,95,95,70,90,70,510,Damp,Water-Absorb,Swift-Swim
Ponyta,4,0,1,0,0,0,0,0,0,0,0,0,0,0,0,0,0,0,0,50,85,55,65,65,90,410,Flame-Body,Run-Away,Flash-Fire
Poochyena,4,0,0,0,0,0,0,0,0,0,0,0,0,0,0,0,0,1,0,35,55,35,30,30,35,220,Quick-Feet,Run-Away,Rattled
Popplio,4,0,0,1,0,0,0,0,0,0,0,0,0,0,0,0,0,0,0,50,54,54,66,56,40,320,Liquid-Voice,Torrent,N
Porygon,12,0,0,0,0,1,0,0,0,0,0,0,0,0,0,0,0,0,0,65,60,70,85,75,40,395,Analytic,Trace,Download
Porygon-Z,2,0,0,0,0,1,0,0,0,0,0,0,0,0,0,0,0,0,0,85,80,70,135,75,90,535,Adaptability,Download,Analytic
Porygon2,9,0,0,0,0,1,0,0,0,0,0,0,0,0,0,0,0,0,0,85,80,90,105,95,60,515,Analytic,Trace,Download
Primarina,11,0,0,1,0,0,0,0,0,0,0,0,0,0,0,0,0,0,1,80,74,74,126,116,60,530,Liquid-Voice,Torrent,N
Primeape,6,0,0,0,0,0,0,0,0,1,0,0,0,0,0,0,0,0,0,65,105,60,60,70,95,455,Anger-Point,Vital-Spirit,Defiant
Prinplup,12,0,0,1,0,0,0,0,0,0,0,0,0,0,0,0,0,0,0,64,66,68,81,76,50,405,Defiant,Torrent,N
Probopass,8,0,0,0,0,0,0,0,0,0,0,1,0,0,0,0,1,0,0,60,55,145,75,150,40,525,Magnet-Pull,Sturdy,Sand-Force
Psyduck,4,0,0,1,0,0,0,0,0,0,0,0,0,0,0,0,0,0,0,50,52,48,65,50,55,320,Cloud-Nine,Swift-Swim,Damp
Pumpkaboo,4,1,0,0,0,0,0,0,0,0,0,0,0,1,0,0,0,0,0,49,66,70,44,55,51,335,Frisk,Pickup,Insomnia
Pumpkaboo-Large,4,1,0,0,0,0,0,0,0,0,0,0,0,1,0,0,0,0,0,54,66,70,44,55,46,335,Frisk,Pickup,Insomnia
Pumpkaboo-Small,4,1,0,0,0,0,0,0,0,0,0,0,0,1,0,0,0,0,0,44,66,70,44,55,56,335,Frisk,Pickup,Insomnia
Pumpkaboo-Super,4,1,0,0,0,0,0,0,0,0,0,0,0,1,0,0,0,0,0,59,66,70,44,55,41,335,Frisk,Pickup,Insomnia
Pupitar,12,0,0,0,0,0,0,0,1,0,0,1,0,0,0,0,0,0,0,70,84,70,65,70,51,410,Shed-Skin,N,N
Purrloin,4,0,0,0,0,0,0,0,0,0,0,0,0,0,0,0,0,1,0,41,50,37,50,37,66,281,Limber,Unburden,Prankster
Purugly,8,0,0,0,0,1,0,0,0,0,0,0,0,0,0,0,0,0,0,71,82,64,64,59,112,452,Defiant,Thick-Fat,Own-Tempo
Pyroar,6,0,1,0,0,1,0,0,0,0,0,0,0,0,0,0,0,0,0,86,68,72,109,66,106,507,Moxie,Unnerve,Rivalry
Pyukumuku,9,0,0,1,0,0,0,0,0,0,0,0,0,0,0,0,0,0,0,55,60,130,30,130,5,410,Innards-Out,Unaware,N
Quagsire,8,0,0,1,0,0,0,0,1,0,0,0,0,0,0,0,0,0,0,95,85,85,65,65,35,430,Damp,Water-Absorb,Unaware
Quilava,12,0,1,0,0,0,0,0,0,0,0,0,0,0,0,0,0,0,0,58,64,58,80,65,80,405,Blaze,Flash-Fire,N
Quilladin,12,1,0,0,0,0,0,0,0,0,0,0,0,0,0,0,0,0,0,61,78,95,56,58,57,405,Bulletproof,Overgrow,N
Qwilfish,9,0,0,1,0,0,1,0,0,0,0,0,0,0,0,0,0,0,0,65,95,85,55,55,85,440,Intimidate,Swift-Swim,Poison-Point
Raichu,8,0,0,0,0,0,0,1,0,0,0,0,0,0,0,0,0,0,0,60,90,55,90,80,110,485,Lightning-Rod,Static,N
Raichu-Alola,9,0,0,0,0,0,0,1,0,0,1,0,0,0,0,0,0,0,0,60,85,50,95,85,110,485,Surge-Surfer,N,N
Raikou,11,0,0,0,0,0,0,1,0,0,0,0,0,0,0,0,0,0,0,90,85,75,115,100,115,580,Pressure,N,N
Ralts,4,0,0,0,0,0,0,0,0,0,1,0,0,0,0,0,0,0,1,28,25,25,45,35,40,198,Synchronize,Trace,Telepathy
Rampardos,8,0,0,0,0,0,0,0,0,0,0,1,0,0,0,0,0,0,0,97,165,60,65,50,58,495,Mold-Breaker,Sheer-Force,N
Rapidash,8,0,1,0,0,0,0,0,0,0,0,0,0,0,0,0,0,0,0,65,100,70,80,80,105,500,Flame-Body,Run-Away,Flash-Fire
Raticate,8,0,0,0,0,1,0,0,0,0,0,0,0,0,0,0,0,0,0,55,81,60,50,70,97,413,Guts,Run-Away,Hustle
Raticate-Alola,9,0,0,0,0,1,0,0,0,0,0,0,0,0,0,0,0,1,0,75,71,70,40,80,77,413,Gluttony,Thick-Fat,Hustle
Rattata,4,0,0,0,0,1,0,0,0,0,0,0,0,0,0,0,0,0,0,30,56,35,25,35,72,253,Guts,Run-Away,Hustle
Rattata-Alola,4,0,0,0,0,1,0,0,0,0,0,0,0,0,0,0,0,1,0,30,56,35,25,35,72,253,Gluttony,Thick-Fat,Hustle
Rayquaza,10,0,0,0,0,0,0,0,0,0,0,0,1,0,0,1,0,0,0,105,150,90,150,90,95,680,Air-Lock,N,N
Rayquaza-Mega,1,0,0,0,0,0,0,0,0,0,0,0,1,0,0,1,0,0,0,105,180,100,180,100,115,780,Delta-Stream,N,N
Regice,8,0,0,0,0,0,0,0,0,0,0,0,0,0,1,0,0,0,0,80,50,100,100,200,50,580,Clear-Body,Ice-Body,N
Regigigas,8,0,0,0,0,1,0,0,0,0,0,0,0,0,0,0,0,0,0,110,160,110,80,110,100,670,Slow-Start,N,N
Regirock,6,0,0,0,0,0,0,0,0,0,0,1,0,0,0,0,0,0,0,80,100,200,50,100,50,580,Clear-Body,Sturdy,N
Registeel,9,0,0,0,0,0,0,0,0,0,0,0,0,0,0,0,1,0,0,80,75,150,75,150,50,580,Clear-Body,Light-Metal,N
Relicanth,8,0,0,1,0,0,0,0,0,0,0,1,0,0,0,0,0,0,0,100,90,130,45,65,55,485,Rock-Head,Swift-Swim,Sturdy
Remoraid,4,0,0,1,0,0,0,0,0,0,0,0,0,0,0,0,0,0,0,35,65,35,65,35,65,300,Hustle,Sniper,Moody
Reshiram,10,0,1,0,0,0,0,0,0,0,0,0,0,0,0,1,0,0,0,100,120,100,150,120,90,680,Turboblaze,N,N
Reuniclus,9,0,0,0,0,0,0,0,0,0,1,0,0,0,0,0,0,0,0,110,65,75,125,85,30,490,Magic-Guard,Regenerator,Overcoat
Rhydon,12,0,0,0,0,0,0,0,1,0,0,1,0,0,0,0,0,0,0,105,130,120,45,45,40,485,Lightning-Rod,Rock-Head,Reckless
Rhyhorn,4,0,0,0,0,0,0,0,1,0,0,1,0,0,0,0,0,0,0,80,85,95,30,30,25,345,Lightning-Rod,Rock-Head,Reckless
Rhyperior,9,0,0,0,0,0,0,0,1,0,0,1,0,0,0,0,0,0,0,115,140,130,55,55,40,535,Lightning-Rod,Solid-Rock,Reckless
Ribombee,9,0,0,0,1,0,0,0,0,0,0,0,0,0,0,0,0,0,1,60,55,60,95,70,124,464,Honey-Gather,Sweet-Veil,Shield-Dust
Riolu,4,0,0,0,0,0,0,0,0,1,0,0,0,0,0,0,0,0,0,40,70,40,35,40,60,285,Inner-Focus,Steadfast,Prankster
Rockruff,4,0,0,0,0,0,0,0,0,0,0,1,0,0,0,0,0,0,0,45,65,40,30,40,60,280,Keen-Eye,Vital-Spirit,Steadfast
Roggenrola,4,0,0,0,0,0,0,0,0,0,0,1,0,0,0,0,0,0,0,55,75,85,25,25,15,280,Sand-Force,Weak-Armor,Sturdy
Roselia,12,1,0,0,0,0,1,0,0,0,0,0,0,0,0,0,0,0,0,50,60,45,100,80,65,400,Leaf-Guard,Poison-Point,Natural-Cure
Roserade,9,1,0,0,0,0,1,0,0,0,0,0,0,0,0,0,0,0,0,60,70,65,125,105,90,515,Natural-Cure,Technician,Poison-Point
Rotom,6,0,0,0,0,0,0,1,0,0,0,0,0,1,0,0,0,0,0,50,50,77,95,77,91,440,Levitate,N,N
Rotom-Fan,8,0,0,0,0,0,0,1,0,0,0,0,1,0,0,0,0,0,0,50,65,107,105,107,86,520,Levitate,N,N
Rotom-Frost,8,0,0,0,0,0,0,1,0,0,0,0,0,0,1,0,0,0,0,50,65,107,105,107,86,520,Levitate,N,N
Rotom-Heat,9,0,1,0,0,0,0,1,0,0,0,0,0,0,0,0,0,0,0,50,65,107,105,107,86,520,Levitate,N,N
Rotom-Mow,9,1,0,0,0,0,0,1,0,0,0,0,0,0,0,0,0,0,0,50,65,107,105,107,86,520,Levitate,N,N
Rotom-Wash,7,0,0,1,0,0,0,1,0,0,0,0,0,0,0,0,0,0,0,50,65,107,105,107,86,520,Levitate,N,N
Rowlet,4,1,0,0,0,0,0,0,0,0,0,0,1,0,0,0,0,0,0,68,55,55,50,50,42,320,Long-Reach,Overgrow,N
Rufflet,4,0,0,0,0,1,0,0,0,0,0,0,1,0,0,0,0,0,0,70,83,50,37,50,60,350,Hustle,Sheer-Force,Keen-Eye
Sableye,9,0,0,0,0,0,0,0,0,0,0,0,0,1,0,0,0,1,0,50,75,75,65,65,50,380,Keen-Eye,Stall,Prankster
Sableye-Mega,7,0,0,0,0,0,0,0,0,0,0,0,0,1,0,0,0,1,0,50,85,125,85,115,20,480,Magic-Bounce,N,N
Salamence,7,0,0,0,0,0,0,0,0,0,0,0,1,0,0,1,0,0,0,95,135,80,110,80,100,600,Intimidate,Moxie,N
Salamence-Mega,10,0,0,0,0,0,0,0,0,0,0,0,1,0,0,1,0,0,0,95,145,130,120,90,120,700,Aerilate,N,N
Salandit,4,0,1,0,0,0,1,0,0,0,0,0,0,0,0,0,0,0,0,48,44,40,71,40,77,320,Corrosion,Oblivious,N
Salazzle,9,0,1,0,0,0,1,0,0,0,0,0,0,0,0,0,0,0,0,68,64,60,111,60,117,480,Corrosion,Oblivious,N
Samurott,6,0,0,1,0,0,0,0,0,0,0,0,0,0,0,0,0,0,0,95,100,85,108,70,70,528,Shell-Armor,Torrent,N
Sandile,4,0,0,0,0,0,0,0,1,0,0,0,0,0,0,0,0,1,0,50,72,35,35,35,65,292,Anger-Point,Moxie,Intimidate
Sandshrew,4,0,0,0,0,0,0,0,1,0,0,0,0,0,0,0,0,0,0,50,75,85,20,30,40,300,Sand-Rush,Sand-Veil,N
Sandshrew-Alola,4,0,0,0,0,0,0,0,0,0,0,0,0,0,1,0,1,0,0,50,75,90,10,35,40,300,Slush-Rush,Snow-Cloak,N
Sandslash,6,0,0,0,0,0,0,0,1,0,0,0,0,0,0,0,0,0,0,75,100,110,45,55,65,450,Sand-Rush,Sand-Veil,N
Sandslash-Alola,9,0,0,0,0,0,0,0,0,0,0,0,0,0,1,0,1,0,0,75,100,120,25,65,65,450,Slush-Rush,Snow-Cloak,N
Sandygast,4,0,0,0,0,0,0,0,1,0,0,0,0,1,0,0,0,0,0,55,55,80,70,45,15,320,Sand-Veil,Water-Compaction,N
Sawk,9,0,0,0,0,0,0,0,0,1,0,0,0,0,0,0,0,0,0,75,125,75,30,75,85,465,Inner-Focus,Sturdy,Mold-Breaker
Sawsbuck,8,1,0,0,0,1,0,0,0,0,0,0,0,0,0,0,0,0,0,80,100,70,60,70,95,475,Chlorophyll,Serene-Grace,Sap-Sipper
Scatterbug,4,0,0,0,1,0,0,0,0,0,0,0,0,0,0,0,0,0,0,38,35,40,27,25,35,200,Compound-Eyes,Shield-Dust,Friend-Guard
Sceptile,6,1,0,0,0,0,0,0,0,0,0,0,0,0,0,0,0,0,0,70,85,65,105,85,120,530,Overgrow,Unburden,N
Sceptile-Mega,5,1,0,0,0,0,0,0,0,0,0,0,0,0,0,1,0,0,0,70,110,75,145,85,145,630,Lightning-Rod,N,N
Scizor,11,0,0,0,1,0,0,0,0,0,0,0,0,0,0,0,1,0,0,70,130,100,55,80,65,500,Light-Metal,Technician,Swarm
Scizor-Mega,7,0,0,0,1,0,0,0,0,0,0,0,0,0,0,0,1,0,0,70,150,140,65,100,75,600,Technician,N,N
Scolipede,7,0,0,0,1,0,1,0,0,0,0,0,0,0,0,0,0,0,0,60,100,89,55,69,112,485,Poison-Point,Swarm,Speed-Boost
Scrafty,9,0,0,0,0,0,0,0,0,1,0,0,0,0,0,0,0,1,0,65,90,115,45,115,58,488,Intimidate,Shed-Skin,Moxie
Scraggy,4,0,0,0,0,0,0,0,0,1,0,0,0,0,0,0,0,1,0,50,75,70,35,70,48,348,Intimidate,Shed-Skin,Moxie
Scyther,12,0,0,0,1,0,0,0,0,0,0,0,1,0,0,0,0,0,0,70,110,80,55,80,105,500,Steadfast,Technician,Swarm
Seadra,12,0,0,1,0,0,0,0,0,0,0,0,0,0,0,0,0,0,0,55,65,95,95,45,85,440,Damp,Sniper,Poison-Point
Seaking,8,0,0,1,0,0,0,0,0,0,0,0,0,0,0,0,0,0,0,80,92,65,65,80,68,450,Lightning-Rod,Water-Veil,Swift-Swim
Sealeo,12,0,0,1,0,0,0,0,0,0,0,0,0,0,1,0,0,0,0,90,60,70,75,70,45,410,Ice-Body,Thick-Fat,Oblivious
Seedot,4,1,0,0,0,0,0,0,0,0,0,0,0,0,0,0,0,0,0,40,40,50,30,30,30,220,Chlorophyll,Pickpocket,Early-Bird
Seel,4,0,0,1,0,0,0,0,0,0,0,0,0,0,0,0,0,0,0,65,45,55,45,70,45,325,Hydration,Thick-Fat,Ice-Body
Seismitoad,9,0,0,1,0,0,0,0,1,0,0,0,0,0,0,0,0,0,0,105,95,75,85,75,74,509,Poison-Touch,Water-Absorb,Swift-Swim
Sentret,4,0,0,0,0,1,0,0,0,0,0,0,0,0,0,0,0,0,0,35,46,34,35,45,20,215,Frisk,Run-Away,Keen-Eye
Serperior,2,1,0,0,0,0,0,0,0,0,0,0,0,0,0,0,0,0,0,75,75,95,75,95,113,528,Contrary,Overgrow,N
Servine,12,1,0,0,0,0,0,0,0,0,0,0,0,0,0,0,0,0,0,60,60,75,60,75,83,413,Contrary,Overgrow,N
Seviper,8,0,0,0,0,0,1,0,0,0,0,0,0,0,0,0,0,0,0,73,100,60,100,60,65,458,Infiltrator,Shed-Skin,N
Sewaddle,4,1,0,0,1,0,0,0,0,0,0,0,0,0,0,0,0,0,0,45,53,70,40,60,42,310,Chlorophyll,Swarm,Overcoat
Sharpedo,9,0,0,1,0,0,0,0,0,0,0,0,0,0,0,0,0,1,0,70,120,40,95,40,95,460,Rough-Skin,Speed-Boost,N
Sharpedo-Mega,11,0,0,1,0,0,0,0,0,0,0,0,0,0,0,0,0,1,0,70,140,70,110,65,105,560,Strong-Jaw,N,N
Shaymin,9,1,0,0,0,0,0,0,0,0,0,0,0,0,0,0,0,0,0,100,100,100,100,100,100,600,Natural-Cure,N,N
Shaymin-Sky,10,1,0,0,0,0,0,0,0,0,0,0,1,0,0,0,0,0,0,100,103,75,120,75,127,600,Serene-Grace,N,N
Shedinja,8,0,0,0,1,0,0,0,0,0,0,0,0,1,0,0,0,0,0,1,90,45,30,30,40,236,Wonder-Guard,N,N
Shelgon,12,0,0,0,0,0,0,0,0,0,0,0,0,0,0,1,0,0,0,65,95,100,60,50,50,420,Overcoat,Rock-Head,N
Shellder,4,0,0,1,0,0,0,0,0,0,0,0,0,0,0,0,0,0,0,30,65,100,45,25,40,305,Overcoat,Skill-Link,Shell-Armor
Shellos,4,0,0,1,0,0,0,0,0,0,0,0,0,0,0,0,0,0,0,76,48,48,57,62,34,325,Sand-Force,Storm-Drain,Sticky-Hold
Shelmet,4,0,0,0,1,0,0,0,0,0,0,0,0,0,0,0,0,0,0,50,40,85,40,65,25,305,Hydration,Shell-Armor,Overcoat
Shieldon,4,0,0,0,0,0,0,0,0,0,0,1,0,0,0,0,1,0,0,30,42,118,42,88,30,350,Soundproof,Sturdy,N
Shiftry,6,1,0,0,0,0,0,0,0,0,0,0,0,0,0,0,0,1,0,90,100,60,90,60,80,480,Chlorophyll,Pickpocket,Early-Bird
Shiinotic,9,1,0,0,0,0,0,0,0,0,0,0,0,0,0,0,0,0,1,60,45,80,90,100,30,405,Effect-Spore,Rain-Dish,Illuminate
Shinx,4,0,0,0,0,0,0,1,0,0,0,0,0,0,0,0,0,0,0,45,65,34,40,34,45,263,Guts,Rivalry,Intimidate
Shroomish,4,1,0,0,0,0,0,0,0,0,0,0,0,0,0,0,0,0,0,60,40,60,40,60,35,295,Effect-Spore,Quick-Feet,Poison-Heal
Shuckle,9,0,0,0,1,0,0,0,0,0,0,1,0,0,0,0,0,0,0,20,10,230,10,230,5,505,Contrary,Sturdy,Gluttony
Shuppet,4,0,0,0,0,0,0,0,0,0,0,0,0,1,0,0,0,0,0,44,75,35,63,33,45,295,Cursed-Body,Insomnia,Frisk
Sigilyph,9,0,0,0,0,0,0,0,0,0,1,0,1,0,0,0,0,0,0,72,58,80,103,80,97,490,Magic-Guard,Wonder-Skin,Tinted-Lens
Silcoon,12,0,0,0,1,0,0,0,0,0,0,0,0,0,0,0,0,0,0,50,35,55,25,25,15,205,Shed-Skin,N,N
Silvally,9,0,0,0,0,1,0,0,0,0,0,0,0,0,0,0,0,0,0,95,95,95,95,95,95,570,RKS-System,N,N
Silvally-Bug,9,0,0,0,1,0,0,0,0,0,0,0,0,0,0,0,0,0,0,95,95,95,95,95,95,570,RKS-System,N,N
Silvally-Dark,9,0,0,0,0,0,0,0,0,0,0,0,0,0,0,0,0,1,0,95,95,95,95,95,95,570,RKS-System,N,N
Silvally-Dragon,9,0,0,0,0,0,0,0,0,0,0,0,0,0,0,1,0,0,0,95,95,95,95,95,95,570,RKS-System,N,N
Silvally-Electric,9,0,0,0,0,0,0,1,0,0,0,0,0,0,0,0,0,0,0,95,95,95,95,95,95,570,RKS-System,N,N
Silvally-Fairy,9,0,0,0,0,0,0,0,0,0,0,0,0,0,0,0,0,0,1,95,95,95,95,95,95,570,RKS-System,N,N
Silvally-Fighting,9,0,0,0,0,0,0,0,0,1,0,0,0,0,0,0,0,0,0,95,95,95,95,95,95,570,RKS-System,N,N
Silvally-Fire,9,0,1,0,0,0,0,0,0,0,0,0,0,0,0,0,0,0,0,95,95,95,95,95,95,570,RKS-System,N,N
Silvally-Flying,9,0,0,0,0,0,0,0,0,0,0,0,1,0,0,0,0,0,0,95,95,95,95,95,95,570,RKS-System,N,N
Silvally-Ghost,9,0,0,0,0,0,0,0,0,0,0,0,0,1,0,0,0,0,0,95,95,95,95,95,95,570,RKS-System,N,N
Silvally-Grass,9,1,0,0,0,0,0,0,0,0,0,0,0,0,0,0,0,0,0,95,95,95,95,95,95,570,RKS-System,N,N
Silvally-Ground,9,0,0,0,0,0,0,0,1,0,0,0,0,0,0,0,0,0,0,95,95,95,95,95,95,570,RKS-System,N,N
Silvally-Ice,9,0,0,0,0,0,0,0,0,0,0,0,0,0,1,0,0,0,0,95,95,95,95,95,95,570,RKS-System,N,N
Silvally-Poison,9,0,0,0,0,0,1,0,0,0,0,0,0,0,0,0,0,0,0,95,95,95,95,95,95,570,RKS-System,N,N
Silvally-Psychic,9,0,0,0,0,0,0,0,0,0,1,0,0,0,0,0,0,0,0,95,95,95,95,95,95,570,RKS-System,N,N
Silvally-Rock,9,0,0,0,0,0,0,0,0,0,0,1,0,0,0,0,0,0,0,95,95,95,95,95,95,570,RKS-System,N,N
Silvally-Steel,9,0,0,0,0,0,0,0,0,0,0,0,0,0,0,0,1,0,0,95,95,95,95,95,95,570,RKS-System,N,N
Silvally-Water,9,0,0,1,0,0,0,0,0,0,0,0,0,0,0,0,0,0,0,95,95,95,95,95,95,570,RKS-System,N,N
Simipour,8,0,0,1,0,0,0,0,0,0,0,0,0,0,0,0,0,0,0,75,98,63,98,63,101,498,Gluttony,Torrent,N
Simisage,8,1,0,0,0,0,0,0,0,0,0,0,0,0,0,0,0,0,0,75,98,63,98,63,101,498,Gluttony,Overgrow,N
Simisear,8,0,1,0,0,0,0,0,0,0,0,0,0,0,0,0,0,0,0,75,98,63,98,63,101,498,Blaze,Gluttony,N
Skarmory,7,0,0,0,0,0,0,0,0,0,0,0,1,0,0,0,1,0,0,65,80,140,40,70,70,465,Keen-Eye,Weak-Armor,Sturdy
Skiddo,4,1,0,0,0,0,0,0,0,0,0,0,0,0,0,0,0,0,0,66,65,48,62,57,52,350,Grass-Pelt,Sap-Sipper,N
Skiploom,12,1,0,0,0,0,0,0,0,0,0,0,1,0,0,0,0,0,0,55,45,50,45,65,80,340,Chlorophyll,Leaf-Guard,Infiltrator
Skitty,4,0,0,0,0,1,0,0,0,0,0,0,0,0,0,0,0,0,0,50,45,45,35,35,50,260,Cute-Charm,Wonder-Skin,Normalize
Skorupi,4,0,0,0,1,0,1,0,0,0,0,0,0,0,0,0,0,0,0,40,50,90,30,55,65,330,Battle-Armor,Sniper,Keen-Eye
Skrelp,4,0,0,1,0,0,1,0,0,0,0,0,0,0,0,0,0,0,0,50,60,60,60,60,30,320,Adaptability,Poison-Touch,Poison-Point
Skuntank,6,0,0,0,0,0,1,0,0,0,0,0,0,0,0,0,0,1,0,103,93,67,71,61,84,479,Aftermath,Stench,Keen-Eye
Slaking,8,0,0,0,0,1,0,0,0,0,0,0,0,0,0,0,0,0,0,150,160,100,95,65,100,670,Truant,N,N
Slakoth,4,0,0,0,0,1,0,0,0,0,0,0,0,0,0,0,0,0,0,60,60,60,35,35,30,280,Truant,N,N
Sliggoo,12,0,0,0,0,0,0,0,0,0,0,0,0,0,0,1,0,0,0,68,75,53,83,113,60,452,Gooey,Sap-Sipper,Hydration
Slowbro,9,0,0,1,0,0,0,0,0,0,1,0,0,0,0,0,0,0,0,95,75,110,100,80,30,490,Oblivious,Regenerator,Own-Tempo
Slowbro-Mega,2,0,0,1,0,0,0,0,0,0,1,0,0,0,0,0,0,0,0,95,75,180,130,80,30,590,Shell-Armor,N,N
Slowking,9,0,0,1,0,0,0,0,0,0,1,0,0,0,0,0,0,0,0,95,75,80,100,110,30,490,Oblivious,Regenerator,Own-Tempo
Slowpoke,4,0,0,1,0,0,0,0,0,0,1,0,0,0,0,0,0,0,0,90,65,65,40,40,15,315,Oblivious,Regenerator,Own-Tempo
Slugma,4,0,1,0,0,0,0,0,0,0,0,0,0,0,0,0,0,0,0,40,40,40,70,40,20,250,Flame-Body,Weak-Armor,Magma-Armor
Slurpuff,9,0,0,0,0,0,0,0,0,0,0,0,0,0,0,0,0,0,1,82,80,86,85,75,72,480,Sweet-Veil,Unburden,N
Smeargle,8,0,0,0,0,1,0,0,0,0,0,0,0,0,0,0,0,0,0,55,20,35,20,45,75,250,Moody,Technician,Own-Tempo
Smoochum,4,0,0,0,0,0,0,0,0,0,1,0,0,0,1,0,0,0,0,45,30,15,85,65,65,305,Forewarn,Oblivious,Hydration
Sneasel,12,0,0,0,0,0,0,0,0,0,0,0,0,0,1,0,0,1,0,55,95,55,35,75,115,430,Inner-Focus,Pickpocket,Keen-Eye
Snivy,4,1,0,0,0,0,0,0,0,0,0,0,0,0,0,0,0,0,0,45,45,55,45,55,63,308,Contrary,Overgrow,N
Snorlax,9,0,0,0,0,1,0,0,0,0,0,0,0,0,0,0,0,0,0,160,110,65,65,110,30,540,Gluttony,Thick-Fat,Immunity
Snorunt,4,0,0,0,0,0,0,0,0,0,0,0,0,0,1,0,0,0,0,50,50,50,50,50,50,300,Ice-Body,Moody,Inner-Focus
Snover,4,1,0,0,0,0,0,0,0,0,0,0,0,0,1,0,0,0,0,60,62,50,62,60,40,334,Snow-Warning,Soundproof,N
Snubbull,4,0,0,0,0,0,0,0,0,0,0,0,0,0,0,0,0,0,1,60,80,50,40,40,30,300,Intimidate,Run-Away,Rattled
Solgaleo,10,0,0,0,0,0,0,0,0,0,1,0,0,0,0,0,1,0,0,137,137,107,113,89,97,680,Full-Metal-Body,N,N
Solosis,4,0,0,0,0,0,0,0,0,0,1,0,0,0,0,0,0,0,0,45,30,40,105,50,20,290,Magic-Guard,Regenerator,Overcoat
Solrock,8,0,0,0,0,0,0,0,0,0,1,1,0,0,0,0,0,0,0,90,95,85,55,65,70,460,Levitate,N,N
Spearow,4,0,0,0,0,1,0,0,0,0,0,0,1,0,0,0,0,0,0,40,60,30,31,31,70,262,Keen-Eye,Sniper,N
Spewpa,12,0,0,0,1,0,0,0,0,0,0,0,0,0,0,0,0,0,0,45,22,60,27,30,29,213,Friend-Guard,Shed-Skin,N
Spheal,4,0,0,1,0,0,0,0,0,0,0,0,0,0,1,0,0,0,0,70,40,50,55,50,25,290,Ice-Body,Thick-Fat,Oblivious
Spinarak,4,0,0,0,1,0,1,0,0,0,0,0,0,0,0,0,0,0,0,40,60,40,40,40,30,250,Insomnia,Swarm,Sniper
Spinda,8,0,0,0,0,1,0,0,0,0,0,0,0,0,0,0,0,0,0,60,60,60,60,60,60,360,Contrary,Tangled-Feet,Own-Tempo
Spiritomb,9,0,0,0,0,0,0,0,0,0,0,0,0,1,0,0,0,1,0,50,92,108,92,108,35,485,Infiltrator,Pressure,N
Spoink,4,0,0,0,0,0,0,0,0,0,1,0,0,0,0,0,0,0,0,60,25,35,70,80,60,330,Gluttony,Thick-Fat,Own-Tempo
Spritzee,4,0,0,0,0,0,0,0,0,0,0,0,0,0,0,0,0,0,1,78,52,60,63,65,23,341,Aroma-Veil,Healer,N
Squirtle,4,0,0,1,0,0,0,0,0,0,0,0,0,0,0,0,0,0,0,44,48,65,50,64,43,314,Rain-Dish,Torrent,N
Stantler,8,0,0,0,0,1,0,0,0,0,0,0,0,0,0,0,0,0,0,73,95,62,85,65,85,465,Frisk,Sap-Sipper,Intimidate
Staraptor,2,0,0,0,0,1,0,0,0,0,0,0,1,0,0,0,0,0,0,85,120,70,50,60,100,485,Intimidate,Reckless,N
Staravia,12,0,0,0,0,1,0,0,0,0,0,0,1,0,0,0,0,0,0,55,75,50,40,40,80,340,Intimidate,Reckless,N
Starly,4,0,0,0,0,1,0,0,0,0,0,0,1,0,0,0,0,0,0,40,55,30,30,30,60,245,Keen-Eye,Reckless,N
Starmie,11,0,0,1,0,0,0,0,0,0,1,0,0,0,0,0,0,0,0,60,75,85,100,85,115,520,Analytic,Natural-Cure,Illuminate
Staryu,4,0,0,1,0,0,0,0,0,0,0,0,0,0,0,0,0,0,0,30,45,55,70,55,85,340,Analytic,Natural-Cure,Illuminate
Steelix,6,0,0,0,0,0,0,0,1,0,0,0,0,0,0,0,1,0,0,75,85,200,55,65,30,510,Rock-Head,Sturdy,Sheer-Force
Steelix-Mega,5,0,0,0,0,0,0,0,1,0,0,0,0,0,0,0,1,0,0,75,125,230,55,95,30,610,Sand-Force,N,N
Steenee,12,1,0,0,0,0,0,0,0,0,0,0,0,0,0,0,0,0,0,52,40,48,40,48,62,290,Leaf-Guard,Sweet-Veil,Oblivious
Stoutland,9,0,0,0,0,1,0,0,0,0,0,0,0,0,0,0,0,0,0,85,110,90,45,90,80,500,Intimidate,Scrappy,Sand-Rush
Stufful,4,0,0,0,0,1,0,0,0,1,0,0,0,0,0,0,0,0,0,70,75,50,45,50,50,340,Cute-Charm,Klutz,Fluffy
Stunfisk,8,0,0,0,0,0,0,1,1,0,0,0,0,0,0,0,0,0,0,109,66,84,81,99,32,471,Limber,Static,Sand-Veil
Stunky,4,0,0,0,0,0,1,0,0,0,0,0,0,0,0,0,0,1,0,63,63,47,41,41,74,329,Aftermath,Stench,Keen-Eye
Sudowoodo,8,0,0,0,0,0,0,0,0,0,0,1,0,0,0,0,0,0,0,70,100,115,30,65,30,410,Rattled,Sturdy,Rock-Head
Suicune,3,0,0,1,0,0,0,0,0,0,0,0,0,0,0,0,0,0,0,100,75,115,90,115,85,580,Pressure,N,N
Sunflora,8,1,0,0,0,0,0,0,0,0,0,0,0,0,0,0,0,0,0,75,75,55,105,85,30,425,Chlorophyll,Solar-Power,Early-Bird
Sunkern,4,1,0,0,0,0,0,0,0,0,0,0,0,0,0,0,0,0,0,30,30,30,30,30,30,180,Chlorophyll,Solar-Power,Early-Bird
Surskit,4,0,0,1,1,0,0,0,0,0,0,0,0,0,0,0,0,0,0,40,30,32,50,52,65,269,Rain-Dish,Swift-Swim,N
Swablu,4,0,0,0,0,1,0,0,0,0,0,0,1,0,0,0,0,0,0,45,40,60,40,75,50,310,Cloud-Nine,Natural-Cure,N
Swadloon,12,1,0,0,1,0,0,0,0,0,0,0,0,0,0,0,0,0,0,55,63,90,50,80,42,380,Chlorophyll,Overcoat,Leaf-Guard
Swalot,8,0,0,0,0,0,1,0,0,0,0,0,0,0,0,0,0,0,0,100,73,83,73,83,55,467,Gluttony,Sticky-Hold,Liquid-Ooze
Swampert,11,0,0,1,0,0,0,0,1,0,0,0,0,0,0,0,0,0,0,100,110,90,85,90,60,535,Damp,Torrent,N
Swampert-Mega,5,0,0,1,0,0,0,0,1,0,0,0,0,0,0,0,0,0,0,100,150,110,95,110,70,635,Swift-Swim,N,N
Swanna,8,0,0,1,0,0,0,0,0,0,0,0,1,0,0,0,0,0,0,75,87,63,87,63,98,473,Big-Pecks,Keen-Eye,Hydration
Swellow,9,0,0,0,0,1,0,0,0,0,0,0,1,0,0,0,0,0,0,60,85,60,75,50,125,455,Guts,Scrappy,N
Swinub,4,0,0,0,0,0,0,0,1,0,0,0,0,0,1,0,0,0,0,50,50,40,30,30,50,250,Oblivious,Thick-Fat,Snow-Cloak
Swirlix,12,0,0,0,0,0,0,0,0,0,0,0,0,0,0,0,0,0,1,62,48,66,59,57,49,341,Sweet-Veil,Unburden,N
Swoobat,8,0,0,0,0,0,0,0,0,0,1,0,1,0,0,0,0,0,0,67,57,55,77,55,114,425,Klutz,Unaware,Simple
Sylveon,11,0,0,0,0,0,0,0,0,0,0,0,0,0,0,0,0,0,1,95,65,65,110,130,60,525,Cute-Charm,Pixilate,N
Taillow,4,0,0,0,0,1,0,0,0,0,0,0,1,0,0,0,0,0,0,40,55,30,30,30,85,270,Guts,Scrappy,N
Talonflame,3,0,1,0,0,0,0,0,0,0,0,0,1,0,0,0,0,0,0,78,81,71,74,69,126,499,Flame-Body,Gale-Wings,N
Tangela,12,1,0,0,0,0,0,0,0,0,0,0,0,0,0,0,0,0,0,65,55,115,100,40,60,435,Chlorophyll,Regenerator,Leaf-Guard
Tangrowth,7,1,0,0,0,0,0,0,0,0,0,0,0,0,0,0,0,0,0,100,100,125,110,50,50,535,Chlorophyll,Regenerator,Leaf-Guard
Tapu-Bulu,7,1,0,0,0,0,0,0,0,0,0,0,0,0,0,0,0,0,1,70,130,115,85,95,75,570,Grassy-Surge,Telepathy,N
Tapu-Fini,7,0,0,1,0,0,0,0,0,0,0,0,0,0,0,0,0,0,1,70,75,115,95,130,85,570,Misty-Surge,Telepathy,N
Tapu-Koko,7,0,0,0,0,0,0,1,0,0,0,0,0,0,0,0,0,0,1,70,115,85,95,75,130,570,Electric-Surge,Telepathy,N
Tapu-Lele,7,0,0,0,0,0,0,0,0,0,1,0,0,0,0,0,0,0,1,70,85,75,130,115,95,570,Psychic-Surge,Telepathy,N
Tauros,6,0,0,0,0,1,0,0,0,0,0,0,0,0,0,0,0,0,0,75,100,95,40,70,110,490,Anger-Point,Sheer-Force,Intimidate
Teddiursa,4,0,0,0,0,1,0,0,0,0,0,0,0,0,0,0,0,0,0,60,80,50,50,50,40,330,Honey-Gather,Quick-Feet,Pickup
Tentacool,4,0,0,1,0,0,1,0,0,0,0,0,0,0,0,0,0,0,0,40,40,35,50,100,70,335,Clear-Body,Rain-Dish,Liquid-Ooze
Tentacruel,11,0,0,1,0,0,1,0,0,0,0,0,0,0,0,0,0,0,0,80,70,65,80,120,100,515,Clear-Body,Rain-Dish,Liquid-Ooze
Tepig,4,0,1,0,0,0,0,0,0,0,0,0,0,0,0,0,0,0,0,65,63,45,45,45,45,308,Blaze,Thick-Fat,N
Terrakion,2,0,0,0,0,0,0,0,0,1,0,1,0,0,0,0,0,0,0,91,129,90,72,90,108,580,Justified,N,N
Throh,8,0,0,0,0,0,0,0,0,1,0,0,0,0,0,0,0,0,0,120,100,85,30,85,45,465,Guts,Mold-Breaker,Inner-Focus
Thundurus,2,0,0,0,0,0,0,1,0,0,0,0,1,0,0,0,0,0,0,79,115,70,125,80,111,580,Defiant,Prankster,N
Thundurus-Therian,2,0,0,0,0,0,0,1,0,0,0,0,1,0,0,0,0,0,0,79,105,70,145,80,101,580,Volt-Absorb,N,N
Timburr,4,0,0,0,0,0,0,0,0,1,0,0,0,0,0,0,0,0,0,75,80,55,25,35,35,305,Guts,Sheer-Force,Iron-Fist
Tirtouga,4,0,0,1,0,0,0,0,0,0,0,1,0,0,0,0,0,0,0,54,78,103,53,45,22,355,Solid-Rock,Swift-Swim,Sturdy
Togedemaru,9,0,0,0,0,0,0,1,0,0,0,0,0,0,0,0,1,0,0,65,98,63,40,73,96,435,Iron-Barbs,Sturdy,Lightning-Rod
Togekiss,11,0,0,0,0,0,0,0,0,0,0,0,1,0,0,0,0,0,1,85,50,95,120,115,80,545,Hustle,Super-Luck,Serene-Grace
Togepi,4,0,0,0,0,0,0,0,0,0,0,0,0,0,0,0,0,0,1,35,20,65,40,65,20,245,Hustle,Super-Luck,Serene-Grace
Togetic,12,0,0,0,0,0,0,0,0,0,0,0,1,0,0,0,0,0,1,55,40,85,80,105,40,405,Hustle,Super-Luck,Serene-Grace
Torchic,4,0,1,0,0,0,0,0,0,0,0,0,0,0,0,0,0,0,0,45,60,40,70,50,45,310,Blaze,Speed-Boost,N
Torkoal,9,0,1,0,0,0,0,0,0,0,0,0,0,0,0,0,0,0,0,70,85,140,85,70,20,470,Drought,White-Smoke,Shell-Armor
Tornadus,3,0,0,0,0,0,0,0,0,0,0,0,1,0,0,0,0,0,0,79,115,70,125,80,111,580,Defiant,Prankster,N
Tornadus-Therian,2,0,0,0,0,0,0,0,0,0,0,0,1,0,0,0,0,0,0,79,100,80,110,90,121,580,Regenerator,N,N
Torracat,12,0,1,0,0,0,0,0,0,0,0,0,0,0,0,0,0,0,0,65,85,50,80,50,90,420,Blaze,Intimidate,N
Torterra,6,1,0,0,0,0,0,0,1,0,0,0,0,0,0,0,0,0,0,95,109,105,75,85,56,525,Overgrow,Shell-Armor,N
Totodile,4,0,0,1,0,0,0,0,0,0,0,0,0,0,0,0,0,0,0,50,65,64,44,48,43,314,Sheer-Force,Torrent,N
Toucannon,9,0,0,0,0,1,0,0,0,0,0,0,1,0,0,0,0,0,0,80,120,75,75,75,60,485,Keen-Eye,Skill-Link,Sheer-Force
Toxapex,7,0,0,1,0,0,1,0,0,0,0,0,0,0,0,0,0,0,0,50,63,152,53,142,35,495,Limber,Regenerator,Merciless
Toxicroak,9,0,0,0,0,0,1,0,0,1,0,0,0,0,0,0,0,0,0,83,106,65,86,65,85,490,Anticipation,Poison-Touch,Dry-Skin
Tranquill,12,0,0,0,0,1,0,0,0,0,0,0,1,0,0,0,0,0,0,62,77,62,50,42,65,358,Big-Pecks,Super-Luck,Rivalry
Trapinch,4,0,0,0,0,0,0,0,1,0,0,0,0,0,0,0,0,0,0,45,100,45,45,45,10,290,Arena-Trap,Sheer-Force,Hyper-Cutter
Treecko,4,1,0,0,0,0,0,0,0,0,0,0,0,0,0,0,0,0,0,40,45,35,65,55,70,310,Overgrow,Unburden,N
Trevenant,8,1,0,0,0,0,0,0,0,0,0,0,0,1,0,0,0,0,0,85,110,76,65,82,56,474,Frisk,Natural-Cure,Harvest
Tropius,8,1,0,0,0,0,0,0,0,0,0,0,1,0,0,0,0,0,0,99,68,83,72,87,51,460,Chlorophyll,Solar-Power,Harvest
Trubbish,4,0,0,0,0,0,1,0,0,0,0,0,0,0,0,0,0,0,0,50,50,62,40,62,65,329,Aftermath,Sticky-Hold,Stench
Trumbeak,12,0,0,0,0,1,0,0,0,0,0,0,1,0,0,0,0,0,0,55,85,50,40,50,75,355,Keen-Eye,Skill-Link,Pickup
Tsareena,11,1,0,0,0,0,0,0,0,0,0,0,0,0,0,0,0,0,0,72,120,98,50,98,72,510,Leaf-Guard,Sweet-Veil,Queenly-Majesty
Turtonator,9,0,1,0,0,0,0,0,0,0,0,0,0,0,0,1,0,0,0,60,78,135,91,85,36,485,Shell-Armor,N,N
Turtwig,4,1,0,0,0,0,0,0,0,0,0,0,0,0,0,0,0,0,0,55,68,64,45,55,31,318,Overgrow,Shell-Armor,N
Tympole,4,0,0,1,0,0,0,0,0,0,0,0,0,0,0,0,0,0,0,50,50,40,50,40,64,294,Hydration,Water-Absorb,Swift-Swim
Tynamo,4,0,0,0,0,0,0,1,0,0,0,0,0,0,0,0,0,0,0,35,55,40,45,40,60,275,Levitate,N,N
Type:-Null,6,0,0,0,0,1,0,0,0,0,0,0,0,0,0,0,0,0,0,95,95,95,95,95,59,534,Battle-Armor,N,N
Typhlosion,9,0,1,0,0,0,0,0,0,0,0,0,0,0,0,0,0,0,0,78,84,78,109,85,100,534,Blaze,Flash-Fire,N
Tyranitar,7,0,0,0,0,0,0,0,0,0,0,1,0,0,0,0,0,1,0,100,134,110,95,100,61,600,Sand-Stream,Unnerve,N
Tyranitar-Mega,5,0,0,0,0,0,0,0,0,0,0,1,0,0,0,0,0,1,0,100,164,150,95,120,71,700,Sand-Stream,N,N
Tyrantrum,9,0,0,0,0,0,0,0,0,0,0,1,0,0,0,1,0,0,0,82,121,119,69,59,71,521,Rock-Head,Strong-Jaw,N
Tyrogue,4,0,0,0,0,0,0,0,0,1,0,0,0,0,0,0,0,0,0,35,35,35,35,35,35,210,Guts,Vital-Spirit,Steadfast
Tyrunt,4,0,0,0,0,0,0,0,0,0,0,1,0,0,0,1,0,0,0,58,89,77,45,45,48,362,Strong-Jaw,Sturdy,N
Umbreon,9,0,0,0,0,0,0,0,0,0,0,0,0,0,0,0,0,1,0,95,65,110,60,130,65,525,Inner-Focus,Synchronize,N
Unfezant,8,0,0,0,0,1,0,0,0,0,0,0,1,0,0,0,0,0,0,80,115,80,65,55,93,488,Big-Pecks,Super-Luck,Rivalry
Unown,8,0,0,0,0,0,0,0,0,0,1,0,0,0,0,0,0,0,0,48,72,48,72,48,48,336,Levitate,N,N
Ursaring,8,0,0,0,0,1,0,0,0,0,0,0,0,0,0,0,0,0,0,90,130,75,75,75,55,500,Guts,Unnerve,Quick-Feet
Uxie,9,0,0,0,0,0,0,0,0,0,1,0,0,0,0,0,0,0,0,75,75,130,75,130,95,580,Levitate,N,N
Vanillish,12,0,0,0,0,0,0,0,0,0,0,0,0,0,1,0,0,0,0,51,65,65,80,75,59,395,Ice-Body,Weak-Armor,Snow-Cloak
Vanillite,4,0,0,0,0,0,0,0,0,0,0,0,0,0,1,0,0,0,0,36,50,50,65,60,44,305,Ice-Body,Weak-Armor,Snow-Cloak
Vanilluxe,8,0,0,0,0,0,0,0,0,0,0,0,0,0,1,0,0,0,0,71,95,85,110,95,79,535,Ice-Body,Weak-Armor,Snow-Warning
Vaporeon,9,0,0,1,0,0,0,0,0,0,0,0,0,0,0,0,0,0,0,130,65,60,110,95,65,525,Hydration,Water-Absorb,N
Venipede,4,0,0,0,1,0,1,0,0,0,0,0,0,0,0,0,0,0,0,30,45,59,30,39,57,260,Poison-Point,Swarm,Speed-Boost
Venomoth,3,0,0,0,1,0,1,0,0,0,0,0,0,0,0,0,0,0,0,70,65,60,90,75,90,450,Shield-Dust,Wonder-Skin,Tinted-Lens
Venonat,4,0,0,0,1,0,1,0,0,0,0,0,0,0,0,0,0,0,0,60,55,50,40,55,45,305,Compound-Eyes,Tinted-Lens,Run-Away
Venusaur,9,1,0,0,0,0,1,0,0,0,0,0,0,0,0,0,0,0,0,80,82,83,100,100,80,525,Chlorophyll,Overgrow,N
Venusaur-Mega,7,1,0,0,0,0,1,0,0,0,0,0,0,0,0,0,0,0,0,80,100,123,122,120,80,625,Thick-Fat,N,N
Vespiquen,8,0,0,0,1,0,0,0,0,0,0,0,1,0,0,0,0,0,0,70,80,102,80,102,40,474,Pressure,Unnerve,N
Vibrava,12,0,0,0,0,0,0,0,1,0,0,0,0,0,0,1,0,0,0,50,70,50,50,50,70,340,Levitate,N,N
Victini,2,0,1,0,0,0,0,0,0,0,1,0,0,0,0,0,0,0,0,100,100,100,100,100,100,600,Victory-Star,N,N
Victreebel,8,1,0,0,0,0,1,0,0,0,0,0,0,0,0,0,0,0,0,80,105,65,100,70,70,490,Chlorophyll,Gluttony,N
Vigoroth,12,0,0,0,0,1,0,0,0,0,0,0,0,0,0,0,0,0,0,80,80,80,55,55,90,440,Vital-Spirit,N,N
Vikavolt,9,0,0,0,1,0,0,1,0,0,0,0,0,0,0,0,0,0,0,77,70,90,145,75,43,500,Levitate,N,N
Vileplume,6,1,0,0,0,0,1,0,0,0,0,0,0,0,0,0,0,0,0,75,80,85,110,90,50,490,Chlorophyll,Effect-Spore,N
Virizion,9,1,0,0,0,0,0,0,0,1,0,0,0,0,0,0,0,0,0,91,90,72,90,129,108,580,Justified,N,N
Vivillon,6,0,0,0,1,0,0,0,0,0,0,0,1,0,0,0,0,0,0,80,52,50,90,50,89,411,Compound-Eyes,Shield-Dust,Friend-Guard
Volbeat,8,0,0,0,1,0,0,0,0,0,0,0,0,0,0,0,0,0,0,65,73,75,47,85,85,430,Illuminate,Swarm,Prankster
Volcanion,11,0,1,1,0,0,0,0,0,0,0,0,0,0,0,0,0,0,0,80,110,120,130,90,70,600,Water-Absorb,N,N
Volcarona,7,0,1,0,1,0,0,0,0,0,0,0,0,0,0,0,0,0,0,85,60,65,135,105,100,550,Flame-Body,Swarm,N
Voltorb,4,0,0,0,0,0,0,1,0,0,0,0,0,0,0,0,0,0,0,40,30,50,55,55,100,330,Aftermath,Static,Soundproof
Vullaby,4,0,0,0,0,0,0,0,0,0,0,0,1,0,0,0,0,1,0,70,55,75,45,65,60,370,Big-Pecks,Weak-Armor,Overcoat
Vulpix,4,0,1,0,0,0,0,0,0,0,0,0,0,0,0,0,0,0,0,38,41,40,50,65,65,299,Drought,Flash-Fire,N
Vulpix-Alola,4,0,0,0,0,0,0,0,0,0,0,0,0,0,1,0,0,0,0,38,41,40,50,65,65,299,Snow-Cloak,Snow-Warning,N
Wailmer,4,0,0,1,0,0,0,0,0,0,0,0,0,0,0,0,0,0,0,130,70,35,70,35,60,400,Oblivious,Water-Veil,Pressure
Wailord,8,0,0,1,0,0,0,0,0,0,0,0,0,0,0,0,0,0,0,170,90,45,90,45,60,500,Oblivious,Water-Veil,Pressure
Walrein,8,0,0,1,0,0,0,0,0,0,0,0,0,0,1,0,0,0,0,110,80,90,95,90,65,530,Ice-Body,Thick-Fat,Oblivious
Wartortle,12,0,0,1,0,0,0,0,0,0,0,0,0,0,0,0,0,0,0,59,63,80,65,80,58,405,Rain-Dish,Torrent,N
Watchog,8,0,0,0,0,1,0,0,0,0,0,0,0,0,0,0,0,0,0,60,85,69,60,69,77,420,Analytic,Keen-Eye,Illuminate
Weavile,2,0,0,0,0,0,0,0,0,0,0,0,0,0,1,0,0,1,0,70,120,65,45,85,125,510,Pickpocket,Pressure,N
Weedle,4,0,0,0,1,0,1,0,0,0,0,0,0,0,0,0,0,0,0,40,35,30,20,20,50,195,Run-Away,Shield-Dust,N
Weepinbell,12,1,0,0,0,0,1,0,0,0,0,0,0,0,0,0,0,0,0,65,90,50,85,45,55,390,Chlorophyll,Gluttony,N
Weezing,6,0,0,0,0,0,1,0,0,0,0,0,0,0,0,0,0,0,0,65,90,120,85,70,60,490,Levitate,N,N
Whimsicott,9,1,0,0,0,0,0,0,0,0,0,0,0,0,0,0,0,0,1,60,67,85,77,75,116,480,Chlorophyll,Prankster,Infiltrator
Whirlipede,12,0,0,0,1,0,1,0,0,0,0,0,0,0,0,0,0,0,0,40,55,99,40,79,47,360,Poison-Point,Swarm,Speed-Boost
Whiscash,8,0,0,1,0,0,0,0,1,0,0,0,0,0,0,0,0,0,0,110,78,73,76,71,60,468,Anticipation,Oblivious,Hydration
Whismur,4,0,0,0,0,1,0,0,0,0,0,0,0,0,0,0,0,0,0,64,51,23,51,23,28,240,Rattled,Soundproof,N
Wigglytuff,8,0,0,0,0,1,0,0,0,0,0,0,0,0,0,0,0,0,1,140,70,45,85,50,45,435,Competitive,Frisk,Cute-Charm
Wimpod,4,0,0,1,1,0,0,0,0,0,0,0,0,0,0,0,0,0,0,25,35,40,20,30,80,230,Wimp-Out,N,N
Wingull,4,0,0,1,0,0,0,0,0,0,0,0,1,0,0,0,0,0,0,40,30,30,55,30,85,270,Hydration,Rain-Dish,Keen-Eye
Wishiwashi,9,0,0,1,0,0,0,0,0,0,0,0,0,0,0,0,0,0,0,45,20,20,25,25,40,175,Schooling,N,N
Wishiwashi-School,9,0,0,1,0,0,0,0,0,0,0,0,0,0,0,0,0,0,0,45,140,130,140,135,30,620,Schooling,N,N
Wobbuffet,8,0,0,0,0,0,0,0,0,0,1,0,0,0,0,0,0,0,0,190,33,58,33,58,33,405,Shadow-Tag,Telepathy,N
Woobat,4,0,0,0,0,0,0,0,0,0,1,0,1,0,0,0,0,0,0,65,45,43,55,43,72,323,Klutz,Unaware,Simple
Wooper,4,0,0,1,0,0,0,0,1,0,0,0,0,0,0,0,0,0,0,55,45,45,25,25,15,210,Damp,Water-Absorb,Unaware
Wormadam,8,1,0,0,1,0,0,0,0,0,0,0,0,0,0,0,0,0,0,60,59,85,79,105,36,424,Anticipation,Overcoat,N
Wormadam-Sandy,8,0,0,0,1,0,0,0,1,0,0,0,0,0,0,0,0,0,0,60,79,105,59,85,36,424,Anticipation,Overcoat,N
Wormadam-Trash,8,0,0,0,1,0,0,0,0,0,0,0,0,0,0,0,1,0,0,60,69,95,69,95,36,424,Anticipation,Overcoat,N
Wurmple,4,0,0,0,1,0,0,0,0,0,0,0,0,0,0,0,0,0,0,45,45,35,20,30,20,195,Run-Away,Shield-Dust,N
Wynaut,4,0,0,0,0,0,0,0,0,0,1,0,0,0,0,0,0,0,0,95,23,48,23,48,23,260,Shadow-Tag,Telepathy,N
Xatu,6,0,0,0,0,0,0,0,0,0,1,0,1,0,0,0,0,0,0,65,75,70,95,70,95,470,Early-Bird,Synchronize,Magic-Bounce
Xerneas,10,0,0,0,0,0,0,0,0,0,0,0,0,0,0,0,0,0,1,126,131,95,131,98,99,680,Fairy-Aura,N,N
Xurkitree,7,0,0,0,0,0,0,1,0,0,0,0,0,0,0,0,0,0,0,83,89,71,173,71,83,570,Beast-Boost,N,N
Yamask,4,0,0,0,0,0,0,0,0,0,0,0,0,1,0,0,0,0,0,38,30,85,55,65,30,303,Mummy,N,N
Yanma,12,0,0,0,1,0,0,0,0,0,0,0,1,0,0,0,0,0,0,65,65,45,75,45,95,390,Compound-Eyes,Speed-Boost,Frisk
Yanmega,9,0,0,0,1,0,0,0,0,0,0,0,1,0,0,0,0,0,0,86,76,86,116,56,95,515,Frisk,Tinted-Lens,Speed-Boost
Yungoos,4,0,0,0,0,1,0,0,0,0,0,0,0,0,0,0,0,0,0,48,70,30,30,30,45,253,Adaptability,Strong-Jaw,Stakeout
Yveltal,10,0,0,0,0,0,0,0,0,0,0,0,1,0,0,0,0,1,0,126,131,95,131,98,99,680,Dark-Aura,N,N
Zangoose,6,0,0,0,0,1,0,0,0,0,0,0,0,0,0,0,0,0,0,73,115,60,60,60,90,458,Immunity,Toxic-Boost,N
Zapdos,7,0,0,0,0,0,0,1,0,0,0,0,1,0,0,0,0,0,0,90,90,85,125,90,100,580,Pressure,Static,N
Zebstrika,8,0,0,0,0,0,0,1,0,0,0,0,0,0,0,0,0,0,0,75,100,63,80,63,116,497,Lightning-Rod,Sap-Sipper,Motor-Drive
Zekrom,10,0,0,0,0,0,0,1,0,0,0,0,0,0,0,1,0,0,0,100,150,120,120,100,90,680,Teravolt,N,N
Zigzagoon,4,0,0,0,0,1,0,0,0,0,0,0,0,0,0,0,0,0,0,38,30,41,30,41,60,240,Gluttony,Quick-Feet,Pickup
Zoroark,9,0,0,0,0,0,0,0,0,0,0,0,0,0,0,0,0,1,0,60,105,60,120,60,105,510,Illusion,N,N
Zorua,4,0,0,0,0,0,0,0,0,0,0,0,0,0,0,0,0,1,0,40,65,40,80,40,65,330,Illusion,N,N
Zubat,4,0,0,0,0,0,1,0,0,0,0,0,1,0,0,0,0,0,0,40,45,35,30,40,55,245,Infiltrator,Inner-Focus,N
Zweilous,12,0,0,0,0,0,0,0,0,0,0,0,0,0,0,1,0,1,0,72,85,70,65,70,58,420,Hustle,N,N
Zygarde,7,0,0,0,0,0,0,0,1,0,0,0,0,0,0,1,0,0,0,108,100,121,81,95,95,600,Aura-Break,Power-Construct,N
Zygarde-10,11,0,0,0,0,0,0,0,1,0,0,0,0,0,0,1,0,0,0,54,100,71,61,85,115,486,Aura-Break,Power-Construct,N
Zygarde-Complete,10,0,0,0,0,0,0,0,1,0,0,0,0,0,0,1,0,0,0,216,100,121,91,95,85,708,Power-Construct,N,N
